AED553 lecture,['T 9-11:50a']
AED555 lecture,['W 9-11:50a']
AED557 lecture,['M 9-11:50a']
AG111 lecture,[]
AG199 lecture,[]
AG301 lecture,[]
AG391 lecture,[]
AG421 lecture,[]
AG435 lecture,[]
AG499 lecture,[]
LEAD342 lecture,[]
LEAD443 lecture,['TR 2-3:20p']
ANS121 lecture,['MWF 8-8:50a', 'MWF 8-8:50a']
ANS220 lecture,['TR 3-3:50p']
ANS311 lecture,['MWF 1-1:50p']
ANS315 lecture,[]
ANS327 lecture,[]
ANS341 lecture,['TR 2-3:20p']
ANS378 lecture,['TR 10-11:50a']
ANS380 lecture,[]
ANS420 lecture,['MWF 1-1:50p']
ANS434 lecture,[]
ANS435 lecture,['TR 10-11:20a']
ANS439 lecture,[]
ANS445 lecture,[]
ANS599 lecture,[]
RNG121 lecture,['MWF 10-10:50a']
RNG341 lecture,['TR 8-9:20a']
RNG353 lecture,[]
RNG355 lecture,['MW 12-1:20p']
RNG421 lecture,[]
AEC121 lecture,['MW 8-8:50a']
AEC250 lecture,[]
AEC251 lecture,['TR 12-1:20p']
AEC351 lecture,[]
AEC352 lecture,['TR 12-1:20p']
AEC388 lecture,[]
AEC460 lecture,[]
AEC465 lecture,['TR 10-11:20a']
AEC512 lecture,['MTWR 10-11:50a']
AEC525 lecture,['TR 12-1:20p; F 1-1:50p']
BRR100 lecture,['MW 4-4:50p']
BOT220 lecture,['MWF 9-9:50a']
BOT324 lecture,[]
BOT341 lecture,[]
BOT350 lecture,['MWF 11-11:50a']
BOT461 lecture,['MW 9-9:50a']
BOT550 lecture,['MWF 11-11:50a']
CROP200 lecture,['MWF 9-9:50a']
CROP300 lecture,['MWF 8-8:50a']
CROP310 lecture,[]
CROP330 lecture,[]
CROP440 lecture,[]
CROP460 lecture,[]
CSS205 lecture,[]
CSS305 lecture,[]
CSS306 lecture,[]
SOIL205 lecture,['MWF 11-11:50a']
SOIL206 lecture,[]
SOIL316 lecture,['MWF 11-11:50a']
SOIL388 lecture,[]
SOIL395 lecture,[]
SOIL466 lecture,[]
SUS102 lecture,['TR 10-11:20a']
SUS103 lecture,[]
SUS304 lecture,['TR 10-11:50a']
SUS350 lecture,['MW 12-1:50p']
SUS420 lecture,[]
ENT300 lecture,[]
ENT311 lecture,[]
ENT322 lecture,[]
ENT331 lecture,[]
TOX360 lecture,[]
TOX530 lecture,['TR 10-11:20a']
FW251 lecture,[]
FW255 lecture,['M 1-1:50p']
FW289 lecture,[]
FW302 lecture,[]
FW303 lecture,[]
FW311 lecture,[]
FW312 lecture,['R 4-4:50p']
FW315 lecture,['MWF 11-11:50a']
FW316 lecture,['T 11-11:50a; S 8:30a-2:50p']
FW317 lecture,[]
FW320 lecture,[]
FW321 lecture,[]
FW323 lecture,[]
FW325 lecture,[]
FW328 lecture,[]
FW340 lecture,[]
FW341 lecture,[]
FW350 lecture,['MWF 10-10:50a']
FW360 lecture,[]
FW370 lecture,[]
FW426 lecture,[]
FW435 lecture,[]
FW439 lecture,[]
FW451 lecture,[]
FW452 lecture,[]
FW454 lecture,['MWF 9-9:50a']
FW458 lecture,[]
FW464 lecture,['TR 9-10:20a']
FW475 lecture,[]
FW479 lecture,[]
FW488 lecture,[]
FW497 lecture,[]
FW523 lecture,[]
FW551 lecture,[]
FW558 lecture,[]
FW575 lecture,[]
FW579 lecture,[]
FW583 lecture,[]
FW597 lecture,[]
FW599 lecture,['T 10-10:50a', 'W 2-3:50p', 'W 4-4:50p', 'R 1-1:50p', 'TR 10-11:20a']
FW620 lecture,[]
FST101 lecture,['F 12-12:50p']
FST251 lecture,[]
FST385 lecture,[]
FST407 lecture,[]
FST422 lecture,['MWF 8-8:50a']
FST460 lecture,['TR 2-3:20p']
FST499 lecture,[]
FST522 lecture,['MWF 8-8:50a']
HORT112 lecture,['W 1-1:50p']
HORT217 lecture,[]
HORT226 lecture,['TR 12-1:20p; R 10-10:50a']
HORT251 lecture,['T 2-2:50p']
HORT300 lecture,['MWF 8-8:50a']
HORT301 lecture,['MWF 12-12:50p']
HORT314 lecture,['MWF 10-10:50a']
HORT316 lecture,[]
HORT318 lecture,[]
HORT330 lecture,[]
HORT331 lecture,[]
HORT350 lecture,[]
HORT380 lecture,[]
HORT410 lecture,[]
HORT452 lecture,['MW 10-11:50a']
HORT463 lecture,['TR 2-3:20p']
ACTG317 lecture,['TR 8-9:50a; W 7-8:50p', 'TR 10-11:50a; W 7-8:50p', 'TR 2-3:50p; W 7-8:50p']
ACTG378 lecture,[]
ACTG417 lecture,['MW 8-9:50a']
ACTG420 lecture,['MW 12-1:50p']
ACTG424 lecture,[]
BA101 lecture,[]
BA140 lecture,[]
BA160 lecture,['MW 10-10:50a; W 7-8:50p', 'TR 9-9:50a; W 7-8:50p', 'TR 10-10:50a; W 7-8:50p', 'TR 9-9:50a; W 7-8:50p', 'TR 10-10:50a; W 7-8:50p', 'TR 11-11:50a; W 7-8:50p', 'TR 12-12:50p; W 7-8:50p', 'MW 11-11:50a; W 7-8:50p', 'MW 12-12:50p; W 7-8:50p', 'TR 12-12:50p; W 7-8:50p', 'TR 3-3:50p; W 7-8:50p', 'MW 2-2:50p; W 7-8:50p', 'TR 1-1:50p; W 7-8:50p', 'TR 2-2:50p; W 7-8:50p', 'TR 3-3:50p; W 7-8:50p', 'MW 1-1:50p; W 7-8:50p', 'MW 11-11:50a; W 7-8:50p', 'MW 11-11:50a; W 7-8:50p', 'MW 1-1:50p; W 7-8:50p', 'MW 1-1:50p; W 7-8:50p', 'MW 12-12:50p; W 7-8:50p', 'MW 2-2:50p; W 7-8:50p', 'TR 2-2:50p; W 7-8:50p', 'TR 3-3:50p; W 7-8:50p']
BA211 lecture,['TR 10-11:50a; W 7-8:50p', 'TR 12-1:50p; W 7-8:50p', 'TR 4-5:50p; W 7-8:50p']
BA213 lecture,['MW 8-9:50a']
BA223 lecture,['MW 4-5:50p', 'TR 10-11:50a', 'TR 2-3:50p']
BA230 lecture,['MW 10-11:50a', 'TR 4-5:50p']
BA240 lecture,['TR 12-1:50p']
BA253 lecture,[]
BA260 lecture,['MW 10-11:50a', 'MW 12-1:50p', 'MW 4-5:50p', 'TR 8-9:50a', 'TR 10-11:50a']
BA270 lecture,['MW 6-7:50p', 'MW 12-1:50p', 'MW 2-3:50p']
BA272 lecture,['MW 4-5:50p']
BA275 lecture,['MW 2-3:50p', 'TR 8-9:50a', 'TR 10-11:50a']
BA280 lecture,['MW 9-9:50a', 'T 4-5:50p']
BA281 lecture,['MW 12-1:20p', 'MW 2-3:20p', 'TR 4-5:20p', 'TR 5:30-6:50p']
BA282 lecture,[]
BA290 lecture,[]
BA311 lecture,[]
BA314 lecture,[]
BA315 lecture,['MW 12-1:50p']
BA330 lecture,[]
BA333 lecture,[]
BA347 lecture,['TR 12-1:50p']
BA351 lecture,['MW 2-3:50p']
BA352 lecture,['MW 10-11:50a']
BA354 lecture,['MW 10-11:50a', 'MW 2-3:50p', 'TR 10-11:50a', 'TR 12-1:50p', 'TR 4-5:50p']
BA357 lecture,['TR 8-9:50a', 'TR 10-11:50a', 'TR 2-3:50p']
BA360 lecture,[]
BA362 lecture,[]
BA365 lecture,[]
BA370 lecture,['MW 12-1:50p', 'TR 8-9:50a', 'TR 12-1:50p']
BA375 lecture,['MW 8-9:50a', 'MW 10-11:50a', 'TR 12-1:50p', 'TR 4-5:50p']
BA376 lecture,[]
BA381 lecture,['MW 8-9:50a', 'MW 10-11:50a', 'TR 12-1:50p']
BA390 lecture,['MW 2-3:50p']
BA405 lecture,[]
BA406 lecture,[]
BA407 lecture,[]
BA451 lecture,[]
BA460 lecture,['TR 2-3:50p']
BA464 lecture,[]
BA466 lecture,['TR 12-1:50p', 'TR 2-3:50p']
BA516 lecture,[]
BA528 lecture,[]
BA540 lecture,['W 6-8:50p']
BA550 lecture,['R 12-2:50p', 'R 6-8:50p']
BA551 lecture,[]
BA555 lecture,['T 6-8:50p']
BA562 lecture,[]
BA569 lecture,['M 12-2:50p', 'M 6-8:50p']
BA573 lecture,[]
BA590 lecture,['M 3-5:50p']
DSGN121 lecture,[]
DSGN226 lecture,['MW 12-1:50p']
DSGN244 lecture,[]
DSGN255 lecture,['TR 12-1:50p', 'TR 2-3:50p']
DSGN276 lecture,[]
DSGN281 lecture,[]
DSGN282 lecture,[]
DSGN287 lecture,[]
DSGN330 lecture,['MW 10-11:50a', 'MW 12-1:50p']
DSGN333 lecture,[]
DSGN341 lecture,['MW 10-11:50a']
DSGN427 lecture,['TR 11-11:50a']
DSGN428 lecture,[]
DSGN464 lecture,['MW 4-5:20p']
DSGN472 lecture,[]
DSGN475 lecture,[]
FIN340 lecture,[]
FIN342 lecture,[]
FIN441 lecture,[]
FIN443 lecture,[]
FIN444 lecture,[]
FIN445 lecture,[]
FIN499 lecture,[]
HM101 lecture,[]
MGMT364 lecture,['MW 12-1:50p', 'MW 2-3:50p']
MGMT448 lecture,[]
MGMT453 lecture,['MW 4-5:50p']
MRKT390 lecture,[]
MRKT396 lecture,['MW 2-3:50p']
MRKT484 lecture,[]
MRKT486 lecture,[]
MRKT489 lecture,['TR 8-9:50a']
MRKT492 lecture,[]
MRKT493 lecture,[]
MRKT495 lecture,['MW 8-9:50a', 'MW 10-11:50a']
AHE553 lecture,[]
AHE611 lecture,[]
AHE643 lecture,[]
COUN441 lecture,[]
COUN533 lecture,[]
COUN550 lecture,[]
COUN562 lecture,[]
COUN662 lecture,[]
ED219 lecture,['M 5-7:50p']
ED253 lecture,[]
ED411 lecture,[]
ED420 lecture,[]
ED472 lecture,[]
ED476 lecture,[]
ED479 lecture,[]
ED483 lecture,['M 2-4:50p']
ED510 lecture,[]
ED520 lecture,[]
ED551 lecture,[]
ED566 lecture,[]
ED572 lecture,[]
FES240 lecture,['MWF 10-10:50a']
FES241 lecture,['TR 9-9:50a']
FES341 lecture,['MWF 10-10:50a']
FES342 lecture,[]
FES350 lecture,[]
FES355 lecture,[]
FES430 lecture,[]
FES435 lecture,[]
FES444 lecture,[]
FES445 lecture,['MW 2-3:50p']
FES452 lecture,[]
FES455 lecture,[]
FES555 lecture,[]
NR201 lecture,['TR 10-11:20a']
NR202 lecture,['MW 4-5:20p']
NR312 lecture,[]
NR455 lecture,[]
SNR511 lecture,[]
SNR521 lecture,[]
SNR540 lecture,[]
TRAL130 lecture,[]
TRAL251 lecture,['TR 12-1:50p']
TRAL352 lecture,[]
TRAL353 lecture,['TR 2-3:50p']
TRAL357 lecture,['TR 10-11:20a']
TRAL375 lecture,[]
TRAL493 lecture,[]
FE208 lecture,['MWF 8-8:50a', 'MWF 9-9:50a']
FE257 lecture,[]
FE370 lecture,['MWF 11-11:50a']
FE430 lecture,[]
FE434 lecture,['MWF 8-8:50a']
FE457 lecture,['TR 8:30-9:50a']
FE460 lecture,['MW 6-7:20p']
FE532 lecture,[]
FOR111 lecture,['MF 12-12:50p']
FOR321 lecture,['MWF 9-9:50a']
FOR413 lecture,['MW 12-12:50p']
FOR436 lecture,['MWF 10-10:50a']
FOR457 lecture,['TR 8:30-9:50a']
FOR462 lecture,[]
FOR562 lecture,[]
FOR599 lecture,[]
WSE210 lecture,[]
WSE266 lecture,[]
WSE320 lecture,['TR 11-11:50a']
WSE321 lecture,['MF 2-2:50p']
WSE392 lecture,[]
WSE461 lecture,[]
PHAR210 lecture,['F 3-4:50p']
PHAR714 lecture,[]
PHAR720 lecture,['MW 9-9:50a']
PHAR729 lecture,['F 12-1:50p']
PHAR735 lecture,['MWF 11-11:50a']
PHAR738 lecture,['TR 8:30-9:50a']
PHAR740 lecture,['M 8-8:50a']
PHAR752 lecture,['MWF 12-1:50p; TR 12-12:50p']
PHAR761 lecture,['MTWR 9-10:50a; F 9-9:50a']
PHAR764 lecture,[]
PHAR770 lecture,[]
AMS311 lecture,[]
EAH411 lecture,[]
ART100 lecture,['F 12-12:50p']
ART101 lecture,[]
ART115 lecture,[]
ART117 lecture,[]
ART121 lecture,[]
ART131 lecture,[]
ART199 lecture,[]
ART204 lecture,['MWF 12-12:50p']
ART205 lecture,[]
ART234 lecture,[]
ART263 lecture,[]
ART264 lecture,[]
ART271 lecture,[]
ART281 lecture,[]
ART320 lecture,['MWF 2-2:50p']
ART322 lecture,[]
ART339 lecture,[]
ART340 lecture,[]
ART345 lecture,[]
ART347 lecture,[]
ART367 lecture,['TR 2-3:20p']
ART379 lecture,[]
ART399 lecture,[]
ART432 lecture,[]
ART444 lecture,[]
ART462 lecture,['TR 5-6:20p']
ART481 lecture,[]
COMM111 lecture,['M 1-1:50p', 'M 2-2:50p', 'MWF 1-1:50p', 'MWF 4-4:50p', 'TR 4-5:20p']
COMM114 lecture,['M 11-11:50a']
COMM211 lecture,[]
COMM218 lecture,['MWF 11-11:50a', 'MWF 3-3:50p', 'MWF 9-9:50a', 'MWF 9-9:50a', 'TR 10-11:20a', 'MWF 11-11:50a', 'MWF 10-10:50a', 'TR 2-3:20p', 'TR 12-1:20p', 'MWF 1-1:50p', 'MWF 2-2:50p', 'T 4-6:50p', 'TR 3-4:20p']
COMM312 lecture,['MWF 10-10:50a']
COMM316 lecture,[]
COMM320 lecture,['TR 12-1:20p']
COMM321 lecture,['TR 10-11:20a']
COMM322 lecture,[]
COMM324 lecture,[]
COMM326 lecture,['TR 2-3:20p']
COMM328 lecture,[]
COMM372 lecture,['T 4-6:50p']
COMM380 lecture,[]
COMM385 lecture,[]
COMM399 lecture,['MWF 11-11:50a']
COMM414 lecture,['TR 10-11:20a']
COMM422 lecture,[]
COMM425 lecture,[]
COMM437 lecture,[]
COMM440 lecture,['M 6-8:50p']
COMM458 lecture,[]
COMM540 lecture,['M 6-8:50p']
GD200 lecture,[]
GD226 lecture,[]
GD326 lecture,[]
GD328 lecture,[]
GD424 lecture,[]
GD426 lecture,[]
MUED277 lecture,[]
MUP193 lecture,[]
MUS101 lecture,[]
MUS102 lecture,[]
MUS111 lecture,['MW 12-1:20p']
MUS121 lecture,['TR 8:30-9:50a', 'MWF 11-11:50a', 'MWF 11-11:50a']
MUS171 lecture,[]
MUS221 lecture,['MWF 9-9:50a']
MUS234 lecture,[]
MUS271 lecture,[]
MUS315 lecture,['TR 10-10:50a']
MUS324 lecture,['MWF 10-10:50a']
MUS371 lecture,[]
MUS399 lecture,['MW 8-9:20a', 'R 4-4:50p']
MUS442 lecture,[]
NMC100 lecture,['TR 10-11:20a']
NMC101 lecture,['MW 4-5:20p']
NMC255 lecture,['TR 12-1:50p']
NMC301 lecture,['TR 10-11:20a']
NMC302 lecture,[]
NMC306 lecture,[]
NMC311 lecture,[]
NMC321 lecture,[]
NMC322 lecture,['TR 4-5:20p']
NMC330 lecture,['TR 8:30-9:50a']
NMC351 lecture,[]
NMC380 lecture,[]
NMC399 lecture,[]
NMC409 lecture,[]
NMC418 lecture,[]
NMC419 lecture,[]
NMC421 lecture,['TR 12-1:20p']
NMC440 lecture,[]
NMC481 lecture,[]
NMC484 lecture,[]
NMC498 lecture,[]
NMC499 lecture,[]
TA147 lecture,['TR 12-1:20p']
TA242 lecture,['TR 10-11:20a']
TA244 lecture,['TR 10-10:50a']
TA247 lecture,['TR 2-3:20p']
TA330 lecture,['MWF 11-11:50a']
TA351 lecture,['MW 4-5:20p']
HST101 lecture,['MW 8-9:50a']
HST102 lecture,['MW 12-1:50p']
HST103 lecture,[]
HST104 lecture,['TR 8-9:20a', 'MW 4-5:20p']
HST105 lecture,['TR 2-3:20p']
HST106 lecture,['TR 12-1:20p']
HST201 lecture,['TR 8-9:50a']
HST202 lecture,['TR 10-11:50a']
HST203 lecture,['MW 2-3:50p']
HST210 lecture,[]
HST310 lecture,['TR 12-1:50p']
HST317 lecture,['MW 8-9:50a', 'MW 4-5:50p']
HST318 lecture,[]
HST321 lecture,[]
HST322 lecture,[]
HST325 lecture,[]
HST328 lecture,[]
HST340 lecture,['MW 12-1:50p']
HST348 lecture,[]
HST350 lecture,[]
HST362 lecture,[]
HST369 lecture,[]
HST387 lecture,['TR 10-11:50a']
HST391 lecture,['TR 8-9:50a']
HST399 lecture,[]
HST407 lecture,[]
HST416 lecture,[]
HST425 lecture,[]
HST470 lecture,[]
HST481 lecture,[]
HSTS417 lecture,[]
HSTS419 lecture,[]
HSTS451 lecture,[]
PHL121 lecture,['TR 10-11:20a']
PHL150 lecture,['MW 4-5:20p']
PHL160 lecture,['MW 12-1:50p', 'TR 4-5:50p']
PHL201 lecture,[]
PHL205 lecture,['MW 8-9:50a', 'MW 10-11:50a', 'TR 2-3:50p']
PHL207 lecture,[]
PHL208 lecture,['MW 10-11:50a']
PHL210 lecture,[]
PHL251 lecture,[]
PHL301 lecture,[]
PHL316 lecture,['MW 12-1:50p']
PHL407 lecture,[]
PHL443 lecture,['TR 8:30-9:50a']
PHL444 lecture,['MW 8-9:50a']
PHL543 lecture,['TR 8:30-9:50a']
REL160 lecture,['MW 12-1:50p', 'TR 4-5:50p']
REL208 lecture,['MW 10-11:50a']
REL210 lecture,[]
REL378 lecture,[]
REL415 lecture,[]
REL443 lecture,['TR 8:30-9:50a']
ANTH101 lecture,['MW 9-9:50a']
ANTH110 lecture,[]
ANTH210 lecture,[]
ANTH230 lecture,['MWF 9-9:50a']
ANTH251 lecture,[]
ANTH261 lecture,[]
ANTH284 lecture,[]
ANTH311 lecture,[]
ANTH313 lecture,[]
ANTH330 lecture,[]
ANTH332 lecture,['MW 2-2:50p; F 2-3:50p']
ANTH345 lecture,['TR 12-1:20p']
ANTH350 lecture,[]
ANTH352 lecture,[]
ANTH361 lecture,[]
ANTH370 lecture,['TR 10-11:50a']
ANTH374 lecture,[]
ANTH380 lecture,[]
ANTH383 lecture,['TR 2-3:20p']
ANTH433 lecture,[]
ANTH449 lecture,[]
ANTH475 lecture,[]
ANTH477 lecture,[]
ANTH478 lecture,[]
ANTH490 lecture,[]
ASL111 lecture,[]
ASL211 lecture,[]
CHN111 lecture,[]
CHN211 lecture,[]
CHN311 lecture,[]
CSSA548 lecture,['F 2-4:50p']
CSSA574 lecture,['F 10a-12:50p']
CSSA599 lecture,[]
ES101 lecture,['TR 12-1:20p']
ES223 lecture,['TR 4-5:50p']
ES231 lecture,[]
ES241 lecture,['MW 4-5:50p']
ES243 lecture,[]
ES260 lecture,['MW 10-11:50a']
ES351 lecture,[]
FCSJ261 lecture,[]
FCSJ454 lecture,[]
FR111 lecture,['MTRF 9-9:50a', 'MTRF 1-1:50p']
FR211 lecture,['MTRF 2-2:50p']
FR311 lecture,['TR 4-5:20p']
FR340 lecture,[]
GER111 lecture,['MW 4-5:50p']
GER211 lecture,[]
GER311 lecture,[]
GER411 lecture,[]
IT111 lecture,[]
IT211 lecture,[]
JPN111 lecture,['MWF 9-9:50a', 'MWF 1-1:50p']
JPN211 lecture,['MWF 2-2:50p']
JPN311 lecture,['MWF 11-11:50a']
KOR111 lecture,[]
KOR211 lecture,[]
QS262 lecture,['TR 12-1:20p', 'MWF 2-2:50p']
SPAN111 lecture,['TWRF 11-11:50a', 'TWRF 1-1:50p', 'TWRF 3-3:50p']
SPAN112 lecture,[]
SPAN211 lecture,['MTWR 8-8:50a', 'MTWR 9-9:50a', 'MTWR 11-11:50a']
SPAN311 lecture,['MWF 9-9:50a', 'MWF 10-10:50a', 'TR 8:30-9:50a', 'TR 10-11:20a']
SPAN314 lecture,['TR 4-5:20p']
SPAN317 lecture,['TR 12-1:20p', 'TR 2-3:20p']
SPAN318 lecture,[]
SPAN327 lecture,[]
SPAN331 lecture,['TR 4-5:20p']
SPAN336 lecture,['MWF 1-1:50p']
SPAN438 lecture,[]
WGSS223 lecture,['TR 2-3:20p', 'MWF 10-10:50a']
WGSS224 lecture,[]
WGSS230 lecture,[]
WGSS240 lecture,[]
WGSS262 lecture,['TR 12-1:20p', 'MWF 2-2:50p']
WGSS280 lecture,['TR 8:30-9:50a']
WGSS325 lecture,['MWF 9-9:50a', 'TR 8:30-9:50a', 'MWF 11-11:50a']
WGSS340 lecture,['TR 4-5:20p']
WGSS360 lecture,['MWF 10-10:50a']
WGSS414 lecture,['TR 12-1:50p']
WGSS440 lecture,[]
WLC231 lecture,[]
WLC320 lecture,[]
WLC331 lecture,[]
WLC335 lecture,['TR 12-1:20p']
PSY201 lecture,['MW 12-1:50p', 'WF 4-5:50p', 'TR 2-3:50p']
PSY202 lecture,['TR 12-1:50p', 'MW 10-11:50a', 'WF 4-5:50p']
PSY301 lecture,['TR 12-1:50p', 'TR 2-3:50p', 'WF 8-9:50a', 'WF 12-1:50p']
PSY330 lecture,[]
PSY340 lecture,['MW 8-9:50a']
PSY350 lecture,['MW 12-1:50p']
PSY360 lecture,['MW 10-11:50a']
PSY370 lecture,['WF 2-3:50p']
PSY381 lecture,['TR 10-11:50a', 'TR 12-1:50p']
PSY399 lecture,[]
PSY426 lecture,['MW 12-1:50p']
PSY433 lecture,[]
PSY437 lecture,[]
PSY440 lecture,[]
PSY442 lecture,[]
PSY444 lecture,[]
PSY456 lecture,['TR 10-11:50a']
PSY460 lecture,['WF 2-3:50p']
PSY468 lecture,[]
PSY480 lecture,['TR 8-9:50a']
PSY482 lecture,['TR 4-5:50p']
PSY485 lecture,['TR 2-3:50p']
PSY493 lecture,[]
PSY496 lecture,[]
PSY499 lecture,['MW 10-11:50a']
PSY561 lecture,[]
ECON201 lecture,['TR 2-3:50p', 'TR 10-11:50a', 'TR 12-1:50p']
ECON202 lecture,['MW 10-11:50a']
ECON311 lecture,['MW 12-1:50p']
ECON315 lecture,['MW 4-5:50p']
ECON330 lecture,['TR 10-11:50a']
ECON340 lecture,[]
ECON352 lecture,['TR 12-1:20p']
ECON411 lecture,['MW 2-3:50p']
ECON423 lecture,['MW 8-9:50a']
ECON424 lecture,['MW 2-3:50p']
ECON428 lecture,[]
ECON435 lecture,['TR 12-1:50p']
ECON439 lecture,['TR 10-11:50a']
ECON460 lecture,[]
ECON491 lecture,[]
ECON517 lecture,['MW 2-3:50p']
PPOL512 lecture,[]
PPOL521 lecture,['TR 12-1:50p']
PPOL523 lecture,['TR 10-11:50a']
PPOL622 lecture,['MW 10-11:50a']
PS110 lecture,[]
PS201 lecture,['MW 12-1:50p']
PS204 lecture,['TR 10-11:50a']
PS205 lecture,['TR 12-1:50p']
PS206 lecture,[]
PS300 lecture,['MW 10-11:50a']
PS312 lecture,[]
PS313 lecture,['MW 12-1:50p']
PS321 lecture,[]
PS331 lecture,[]
PS345 lecture,['TR 12-1:50p']
PS346 lecture,[]
PS348 lecture,['TR 2-3:50p']
PS362 lecture,[]
PS363 lecture,[]
PS371 lecture,[]
PS399 lecture,[]
PS455 lecture,[]
PS458 lecture,[]
PS475 lecture,[]
PS477 lecture,[]
PS478 lecture,[]
PS577 lecture,[]
PS578 lecture,[]
SOC204 lecture,['MW 4-5:20p']
SOC205 lecture,[]
SOC206 lecture,['TR 10-11:20a']
SOC241 lecture,[]
SOC312 lecture,[]
SOC315 lecture,['TR 12-1:50p']
SOC340 lecture,[]
SOC345 lecture,[]
SOC350 lecture,[]
SOC355 lecture,[]
SOC360 lecture,[]
SOC381 lecture,[]
SOC413 lecture,[]
SOC437 lecture,['TR 2-3:50p']
SOC439 lecture,[]
SOC441 lecture,['TR 2-3:50p']
SOC442 lecture,[]
SOC450 lecture,[]
SOC452 lecture,[]
SOC454 lecture,[]
SOC480 lecture,[]
SOC481 lecture,[]
ENG104 lecture,['MWF 9-9:50a', 'TR 12-1:20p', 'MWF 2-2:50p']
ENG106 lecture,['MWF 12-12:50p']
ENG107 lecture,[]
ENG200 lecture,[]
ENG201 lecture,[]
ENG204 lecture,['MW 10-11:50a']
ENG210 lecture,[]
ENG211 lecture,[]
ENG213 lecture,[]
ENG222 lecture,[]
ENG253 lecture,[]
ENG275 lecture,[]
ENG319 lecture,[]
ENG320 lecture,[]
ENG330 lecture,[]
ENG362 lecture,[]
ENG375 lecture,[]
ENG386 lecture,[]
ENG418 lecture,[]
ENG425 lecture,[]
FILM245 lecture,[]
FILM445 lecture,[]
WR121 lecture,['MW 8-9:50a', 'MW 2-3:50p', 'TR 8-9:50a', 'TR 8-9:50a', 'TR 4-5:50p', 'MW 4-5:50p', 'TR 12-1:50p', 'MW 12-1:50p', 'TR 2-3:50p', 'MW 4-5:50p', 'MW 10-11:50a', 'MW 2-3:50p', 'TR 12-1:50p', 'MW 8-9:50a', 'MW 2-3:50p', 'MW 4-5:50p', 'TR 2-3:50p', 'MW 10-11:50a', 'TR 2-3:50p', 'MW 12-1:50p', 'MW 12-1:50p', 'TR 12-1:50p', 'TR 10-11:50a', 'TR 4-5:50p', 'TR 10-11:50a', 'MW 4-5:50p', 'TR 4-5:50p', 'TR 10-11:50a', 'MW 12-1:50p', 'MW 8-9:50a', 'TR 4-5:50p', 'TR 10-11:50a']
WR201 lecture,['MWF 9-9:50a']
WR214 lecture,['MWF 9-9:50a', 'MWF 10-10:50a']
WR222 lecture,['TR 8:30-9:50a', 'TR 2-3:20p', 'MWF 10-10:50a', 'MWF 4-4:50p', 'MWF 9-9:50a', 'MWF 11-11:50a', 'TR 10-11:20a', 'MWF 3-3:50p', 'TR 4-5:20p', 'MWF 12-12:50p', 'MWF 1-1:50p', 'MWF 2-2:50p', 'MWF 8-8:50a']
WR224 lecture,['TR 12-1:20p', 'TR 8:30-9:50a', 'TR 10-11:20a', 'MWF 4-4:50p']
WR230 lecture,[]
WR240 lecture,['MWF 4-4:50p']
WR241 lecture,['MWF 3-3:50p', 'MWF 9-9:50a']
WR303 lecture,[]
WR323 lecture,[]
WR324 lecture,[]
WR327 lecture,['MWF 2-2:50p', 'MWF 1-1:50p', 'MWF 11-11:50a', 'MWF 8-8:50a', 'MWF 11-11:50a', 'TR 4-5:20p', 'MWF 12-12:50p', 'MWF 3-3:50p', 'MWF 4-4:50p', 'TR 10-11:20a', 'TR 12-1:20p', 'TR 2-3:20p', 'MWF 9-9:50a', 'MWF 9-9:50a', 'MWF 10-10:50a']
WR362 lecture,[]
WR407 lecture,[]
WR411 lecture,[]
WR448 lecture,[]
WR449 lecture,[]
WR497 lecture,[]
BB314 lecture,['TR 2-3:20p']
BB317 lecture,['MWF 12-12:50p', 'MWF 2-2:50p']
BB332 lecture,['TR 10-11:20a']
BB350 lecture,[]
BB450 lecture,['MWF 12-12:50p']
BB451 lecture,[]
BB481 lecture,['MWF 1-1:50p']
BB490 lecture,['MWF 10-10:50a']
BB493 lecture,['T 4-4:50p']
BB497 lecture,[]
BOT325 lecture,['MWF 11-11:50a']
CH101 lecture,[]
CH110 lecture,[]
CH121 lecture,['MWF 10-10:50a; R 8:30-9:50p', 'MWF 11-11:50a; R 8:30-9:50p', 'MWF 1-1:50p; R 8:30-9:50p']
CH122 lecture,[]
CH123 lecture,[]
CH201 lecture,['TR 8:30-9:50a', 'TR 10-11:20a', 'TR 12-1:20p', 'TR 2-3:20p']
CH231 lecture,[]
CH233 lecture,[]
CH261 lecture,[]
CH263 lecture,[]
CH271 lecture,[]
CH324 lecture,[]
CH331 lecture,['MWF 8-8:50a; R 7-8:20p', 'MWF 2-2:50p; R 7-8:20p']
CH334 lecture,['MWF 10-10:50a']
CH337 lecture,[]
CH361 lecture,['M 4-4:50p']
CH411 lecture,['TR 10-11:20a']
CH421 lecture,['TR 8:30-9:50a']
CH440 lecture,['MWF 9-9:50a']
CH461 lecture,['TR 12-1:20p', 'WF 11-11:50a']
CH511 lecture,['TR 2-3:20p']
CH535 lecture,['MWF 11-11:50a']
CH607 lecture,[]
CH616 lecture,['WF 4-5:20p']
CH630 lecture,['MWF 9-9:50a']
GS399 lecture,[]
BI101 lecture,['TR 10-10:50a']
BI204 lecture,[]
BI206 lecture,[]
BI211 lecture,[]
BI231 lecture,['MWF 9-9:50a']
BI241 lecture,[]
BI311 lecture,['TR 8-9:50a', 'TR 2-3:20p']
BI319 lecture,['TR 2-3:20p', 'MWF 11-11:50a']
BI331 lecture,['TR 8:30-9:50a']
BI341 lecture,[]
BI347 lecture,[]
BI351 lecture,[]
BI370 lecture,['MWF 9-9:50a']
BI445 lecture,['TR 2-3:20p']
Z349 lecture,['TR 12-1:20p']
Z371 lecture,['MWF 10-10:50a']
Z372 lecture,[]
Z422 lecture,['TR 10-11:20a']
Z423 lecture,['TR 12-1:20p']
Z425 lecture,['MWF 9-9:50a']
MTH065 lecture,[]
MTH103 lecture,['MW 8-9:50a', 'MW 2-3:50p', 'MW 10-11:50a', 'MTWF 9-9:50a', 'MTWF 12-12:50p']
MTH105 lecture,[]
MTH111 lecture,['TR 8-9:20a', 'TR 12-1:20p', 'TR 10-11:20a', 'TR 2-3:20p', 'TR 4-5:20p', 'MWF 3-3:50p', 'TR 10-11:20a; WF 10-10:50a', 'TR 2-3:20p; WF 2-2:50p']
MTH112 lecture,['MWF 10-10:50a; T 7-8:20p', 'MWF 12-12:50p; T 7-8:20p', 'MWF 4-4:50p; T 7-8:20p', 'MWF 3-3:50p; T 7-8:20p', 'MWF 11-11:50a; T 7-8:20p', 'MWF 1-1:50p']
MTH211 lecture,['MW 8-9:50a']
MTH228 lecture,['MWF 3-3:50p']
MTH231 lecture,['MWF 9-9:50a; T 7-8:20p', 'MWF 12-12:50p; T 7-8:20p']
MTH241 lecture,['MWF 11-11:50a; T 8:30-9:50p', 'MTWF 1-1:50p; T 8:30-9:50p']
MTH245 lecture,[]
MTH251 lecture,['MWF 9-9:50a', 'MWF 12-12:50p', 'MWF 8-8:50a', 'MWF 11-11:50a', 'MWF 2-2:50p', 'MWF 3-3:50p', 'MWF 10-10:50a', 'MWF 12-12:50p', 'MWRF 3-3:50p', 'MWRF 10-10:50a']
MTH252 lecture,['MWF 11-11:50a', 'MWF 9-9:50a', 'MWF 3-3:50p']
MTH254 lecture,['MWF 4-4:50p; T 7-8:20p', 'MWF 3-3:50p; T 7-8:20p', 'MWF 9-9:50a; T 7-8:20p', 'MWF 10-10:50a; T 7-8:20p']
MTH255 lecture,['MWF 1-1:50p']
MTH256 lecture,['MWF 10-10:50a']
MTH306 lecture,['MWF 1-1:50p']
MTH311 lecture,['MWF 9-9:50a']
MTH321 lecture,[]
MTH338 lecture,[]
MTH341 lecture,['MWF 2-2:50p', 'MWF 10-10:50a', 'MWF 3-3:50p']
MTH342 lecture,['MWF 2-2:50p']
MTH343 lecture,['MWF 2-2:50p']
MTH351 lecture,['MWF 3-3:50p']
MTH355 lecture,[]
MTH361 lecture,['MWF 11-11:50a']
MTH390 lecture,[]
MTH427 lecture,['MWF 1-1:50p']
MTH440 lecture,['MWF 3-3:50p']
MTH451 lecture,['MWF 10-10:50a']
MTH463 lecture,['WF 4-5:20p']
MTH481 lecture,['MWF 9-9:50a']
MTH511 lecture,['MWF 9-9:50a']
MTH543 lecture,['MWF 2-2:50p']
MTH551 lecture,['MWF 10-10:50a']
MTH581 lecture,['MWF 9-9:50a']
MTH621 lecture,[]
MTH654 lecture,['MWF 3-3:50p']
MB230 lecture,['MWF 12-12:50p']
MB302 lecture,['MWF 9-9:50a']
MB303 lecture,[]
MB416 lecture,['MWF 10-10:50a']
MB417 lecture,[]
MB420 lecture,[]
PH104 lecture,['MWF 12-12:50p']
PH201 lecture,['MWF 8-8:50a; W 7-8:20p', 'MWF 9-9:50a; W 7-8:20p', 'MWF 3-3:50p; W 7-8:20p']
PH205 lecture,[]
PH211 lecture,['MWF 2-2:50p; W 7-8:20p', 'MWF 1-1:50p; W 7-8:20p', 'MWF 4-4:50p; W 7-8:20p']
PH212 lecture,['TR 9-9:50a; W 7-8:20p', 'TR 10-10:50a; W 7-8:20p', 'TR 4-4:50p; W 7-8:20p']
PH213 lecture,['MWF 11-11:50a; W 7-8:20p']
PH313 lecture,['MWF 11-11:50a']
PH332 lecture,[]
PH403 lecture,[]
PH411 lecture,[]
PH423 lecture,['MWF 1-1:50p; TR 12-1:50p']
PH425 lecture,[]
PH431 lecture,['MWF 10-10:50a']
PH562 lecture,['MWF 11-11:50a']
PH631 lecture,[]
PH651 lecture,['MWF 9-9:50a']
ST201 lecture,['TR 8:30-9:50a; T 7-8:20p', 'TR 12-1:20p; T 7-8:20p']
ST202 lecture,[]
ST314 lecture,['TR 8:30-9:50a', 'TR 8:30-9:50a']
ST351 lecture,['MWF 8-8:50a', 'MWF 1-1:50p', 'MWF 10-10:50a']
ST352 lecture,['MWF 12-12:50p']
ST411 lecture,['MWF 10-10:50a']
ST421 lecture,['MWF 2-2:50p']
ST506 lecture,[]
ST511 lecture,['MWF 10-10:50a']
ST516 lecture,[]
ST521 lecture,['MWF 2-2:50p']
ST525 lecture,[]
ST531 lecture,['TR 2-3:20p']
ST541 lecture,['TR 10-11:20a']
ST551 lecture,['MWF 11-11:50a']
ST558 lecture,[]
ST561 lecture,['MWF 8-8:50a']
ST591 lecture,[]
ST623 lecture,['TR 4-5:20p']
GRAD420 lecture,[]
GRAD542 lecture,[]
GRAD560 lecture,['R 1-3:50p']
WRP521 lecture,[]
MCB699 lecture,[]
ALS108 lecture,[]
ALS114 lecture,[]
ALS116 lecture,[]
ALS140 lecture,['MWF 3-4:50p', 'MWF 3-4:50p']
ALS141 lecture,['MWF 8-9:50a', 'MWF 8-9:50a']
ALS150 lecture,['MTRF 8-9:20a', 'MWF 8-9:50a']
ALS151 lecture,['MTWR 4-5:20p', 'MWF 4-5:50p', 'TR 2-4:50p']
ALS161 lecture,[]
ALS162 lecture,['MWF 8-9:50a', 'TR 8-10:50a']
ALS165 lecture,['MWF 12-1:50p', 'MWF 8-9:50a', 'MWF 3-4:50p', 'MWF 10-11:50a']
ALS166 lecture,['TR 10a-12:50p', 'MWF 10-11:50a', 'MWF 12-1:50p']
ALS173 lecture,[]
ALS174 lecture,['MWF 3-4:50p']
ALS199 lecture,[]
UEXP399 lecture,[]
GEO101 lecture,['TR 2-3:20p']
GEO201 lecture,['MWF 1-1:50p']
GEO221 lecture,[]
GEO295 lecture,['MTWRFSU 8a-5p']
GEO305 lecture,[]
GEO306 lecture,[]
GEO307 lecture,['MWF 10-10:50a']
GEO308 lecture,['MWF 3-3:50p']
GEO310 lecture,['TR 10-10:50a']
GEO322 lecture,['MWF 11-11:50a']
GEO380 lecture,[]
GEO481 lecture,['MWF 9-9:50a']
GEO487 lecture,['TR 8:30-9:50a']
GEOG100 lecture,['MW 9-9:50a']
GEOG102 lecture,[]
GEOG105 lecture,['TR 1-1:50p']
GEOG106 lecture,[]
GEOG201 lecture,['MWF 1-1:50p']
GEOG203 lecture,[]
GEOG240 lecture,[]
GEOG300 lecture,[]
GEOG313 lecture,[]
GEOG323 lecture,['MWF 11-11:50a']
GEOG331 lecture,[]
GEOG340 lecture,['TR 8:30-9:50a']
GEOG350 lecture,[]
GEOG360 lecture,['TR 12-1:20p']
GEOG370 lecture,[]
GEOG450 lecture,[]
GEOG480 lecture,[]
GEOG560 lecture,['MWF 9-9:50a']
GEOG564 lecture,[]
GEOG580 lecture,['MWF 10-10:50a']
ATS201 lecture,['MWF 9-9:50a']
ATS301 lecture,['MWF 10-10:50a']
ATS310 lecture,['MWF 11-11:50a']
OC103 lecture,[]
OC201 lecture,['MWF 2-2:50p']
OC333 lecture,[]
OC430 lecture,['MWF 2-2:50p']
OC434 lecture,['MWF 8-8:50a']
OC512 lecture,['T 10-11:50a']
OEAS540 lecture,['MWF 12-12:50p']
BEE101 lecture,[]
BEE311 lecture,['TR 8-9:50a']
BEE320 lecture,[]
BEE469 lecture,[]
BEE472 lecture,[]
BEE512 lecture,['MWF 11-11:50a']
BEE542 lecture,['TR 2-3:50p']
ENGR101 lecture,[]
ENGR111 lecture,[]
ENGR112 lecture,[]
ENGR201 lecture,['TR 10-10:50a', 'TR 11-11:50a', 'TR 9-9:50a']
ENGR203 lecture,['TR 10-11:20a']
ENGR211 lecture,['MW 9-9:50a', 'MW 1-1:50p', 'MW 11-11:50a']
ENGR212 lecture,['MWF 9-9:50a']
ENGR213 lecture,['TR 12-1:20p']
ENGR248 lecture,['MW 1-1:50p']
ENGR350 lecture,[]
ENGR390 lecture,['TR 2-3:20p']
ENGR391 lecture,[]
BIOE491 lecture,['MW 12-1:50p']
CBEE101 lecture,[]
CBEE211 lecture,['MF 12-12:50p', 'MF 1-1:50p']
CBEE320 lecture,['MW 2-2:50p']
CBEE414 lecture,['MW 4-4:50p']
CHE311 lecture,['MW 4-4:50p', 'MW 3-3:50p']
CHE320 lecture,['TR 8-8:50a']
CHE331 lecture,['MWF 8-8:50a', 'MWF 2-2:50p']
CHE411 lecture,['MWF 2-2:50p']
CHE443 lecture,['MWF 12-12:50p']
CHE445 lecture,['MW 6-6:50p']
CHE525 lecture,['TR 8-9:50a']
CHE551 lecture,[]
CHE599 lecture,['MWF 10-10:50a']
ENVE421 lecture,['MWF 9-9:50a']
ENVE499 lecture,[]
ENVE532 lecture,['TR 10-11:50a']
ENVE536 lecture,['W 12-12:50p']
CCE101 lecture,[]
CCE201 lecture,[]
CCE321 lecture,['MWF 9-9:50a', 'MWF 11-11:50a']
CE311 lecture,['MWF 8-8:50a']
CE361 lecture,['MF 12-12:50p', '']
CE373 lecture,['MW 2-3:20p']
CE381 lecture,['MWF 10-10:50a']
CE383 lecture,['MWF 1-1:50p']
CE412 lecture,['TR 8-9:50a']
CE420 lecture,['TR 4-5:50p']
CE481 lecture,['MW 10-11:50a']
CE491 lecture,['MW 12-12:50p']
CE520 lecture,['TR 4-5:50p']
CE531 lecture,['TR 12-1:20p']
CE534 lecture,[]
CE566 lecture,[]
CE590 lecture,['TR 12-1:20p']
CE630 lecture,['MW 10-11:20a']
CE640 lecture,['T 10-11:50a']
CEM342 lecture,[]
CEM343 lecture,[]
CEM383 lecture,['MWF 2-2:50p']
CEM431 lecture,['TR 4-5:50p']
CEM442 lecture,[]
CEM471 lecture,['TR 12-1:50p']
CS101 lecture,['TR 4-5:50p']
CS160 lecture,[]
CS161 lecture,[]
CS162 lecture,['MWF 10-10:50a', 'MWF 4-4:50p']
CS165 lecture,[]
CS175 lecture,[]
CS225 lecture,[]
CS261 lecture,['MWF 1-1:50p', 'MWF 10-10:50a']
CS271 lecture,[]
CS290 lecture,['TR 2-3:50p']
CS321 lecture,['MWF 9-9:50a']
CS325 lecture,['TR 10-11:50a']
CS340 lecture,['TR 12-1:50p']
CS344 lecture,['MW 4-5:50p']
CS352 lecture,[]
CS361 lecture,['TR 4-5:50p']
CS370 lecture,['TR 2-3:50p']
CS372 lecture,['MW 12-1:50p']
CS391 lecture,['MWF 10-10:50a']
CS419 lecture,[]
CS444 lecture,['TR 12-1:20p']
CS450 lecture,['MW 12-1:50p']
CS461 lecture,[]
CS466 lecture,[]
CS468 lecture,['MW 10-11:50a']
CS472 lecture,['MW 2-3:50p']
CS491 lecture,['TR 10-11:50a']
CS493 lecture,[]
CS506 lecture,[]
CS515 lecture,[]
CS519 lecture,[]
CS534 lecture,[]
CS550 lecture,['MW 12-1:50p']
CS568 lecture,['MW 10-11:50a']
CS578 lecture,['MF 4-5:50p']
CS581 lecture,[]
ECE111 lecture,[]
ECE271 lecture,['MWF 10-10:50a']
ECE272 lecture,[]
ECE322 lecture,['MWF 9-9:50a']
ECE351 lecture,['MWF 2-2:50p']
ECE372 lecture,['MW 12-1:50p']
ECE375 lecture,['TR 4-5:20p']
ECE390 lecture,['TR 2-3:50p']
ECE416 lecture,['TR 2-3:50p']
ECE422 lecture,['MW 4-5:50p']
ECE433 lecture,['MW 8-9:50a']
ECE451 lecture,['MW 2-3:50p']
ECE461 lecture,['TR 8-9:50a']
ECE468 lecture,['MWF 3-3:50p']
ECE472 lecture,['MW 2-3:50p']
ECE473 lecture,['TR 4-5:20p']
ECE499 lecture,['MW 12-1:50p']
ECE516 lecture,['TR 2-3:50p']
ECE522 lecture,['MW 4-5:50p']
ECE530 lecture,['TR 8-9:50a']
ECE550 lecture,[]
ECE561 lecture,['TR 8-9:50a']
ECE565 lecture,['TR 2-3:50p']
ECE580 lecture,['MW 10-11:50a']
ECE599 lecture,[]
ECE614 lecture,['MWF 2-2:50p']
AAE412 lecture,[]
ESE450 lecture,[]
ESE470 lecture,[]
ESE497 lecture,[]
IE212 lecture,[]
IE255 lecture,[]
IE285 lecture,[]
IE355 lecture,['MWF 9-9:50a']
IE367 lecture,['TR 10-11:50a']
IE412 lecture,['TR 2-3:20p']
IE425 lecture,['MW 10-11:50a']
IE475 lecture,['TR 12-1:20p']
IE497 lecture,[]
IE512 lecture,['TR 2-3:20p']
IE521 lecture,['MW 8:30-9:50a']
IE582 lecture,[]
IE599 lecture,[]
MATS321 lecture,['TR 12-1:50p']
MATS322 lecture,['MW 10-10:50a']
MATS499 lecture,[]
MATS570 lecture,['TR 10-11:50a']
MATS581 lecture,['MTWR 9-9:50a']
ME311 lecture,['TR 10-11:50a', 'MW 10-11:50a']
ME316 lecture,['MWF 2-2:50p']
ME317 lecture,['MW 4-5:50p']
ME331 lecture,[]
ME332 lecture,['MW 8-9:50a']
ME373 lecture,['TR 4-5:50p']
ME382 lecture,['MWF 3-3:50p']
ME383 lecture,['TR 2-3:20p']
ME413 lecture,[]
ME420 lecture,[]
ME430 lecture,['MW 2-3:50p']
ME460 lecture,['TR 10-11:50a']
ME461 lecture,['MW 2-3:50p']
ME480 lecture,['TR 12-1:20p']
ME484 lecture,['TR 2-3:20p']
ME497 lecture,[]
ME520 lecture,[]
ME526 lecture,['TR 12-1:20p']
ME531 lecture,[]
ME560 lecture,['MW 10-11:50a']
ME580 lecture,['TR 12-1:20p']
MFGE436 lecture,['TR 8:30-9:50a']
MFGE438 lecture,[]
MFGE535 lecture,['TR 2-3:20p']
MFGE536 lecture,['TR 8:30-9:50a']
MIME101 lecture,[]
ROB456 lecture,['MW 8-9:50a']
ROB514 lecture,['MW 12-1:50p']
ROB538 lecture,['MW 10-11:50a']
ROB599 lecture,[]
NSE114 lecture,[]
NSE234 lecture,['MWF 2-2:50p']
NSE311 lecture,['TR 10-11:50a', 'MW 10-11:50a']
NSE415 lecture,['MW 12-12:50p']
NSE451 lecture,['MWF 1-1:50p']
NSE455 lecture,['MWF 3-3:50p']
NSE467 lecture,['MWF 8-9:20a']
NSE481 lecture,['TR 8-9:50a']
NSE531 lecture,['WF 10-11:20a']
NSE588 lecture,[]
PAC139 lecture,[]
VMB674 lecture,['TRF 2-2:50p']
VMB711 lecture,['M 8-8:50a']
VMB714 lecture,['M 3:30-4:50p; F 3-4:20p']
VMB717 lecture,['MW 1-3:20p; F 1-2:50p']
VMB736 lecture,[]
VMB750 lecture,['MTF 8-8:50a']
VMB753 lecture,['TF 10-10:50a; W 1-1:50p; R 2-2:50p']
VMB759 lecture,['MTW 11-11:50a; R 3-3:50p']
VMB760 lecture,['MR 1-1:50p; TF 9-9:50a']
VMB761 lecture,['T 1-1:50p; F 11-11:50a']
VMB795 lecture,[]
VMC719 lecture,[]
VMC729 lecture,[]
VMC732 lecture,[]
VMC734 lecture,[]
VMC735 lecture,[]
VMC770 lecture,['MTWF 10-10:50a']
VMC773 lecture,[]
VMC776 lecture,['MTWRF 8-8:50a']
VMC783 lecture,['WRF 11-11:50a']
VMC785 lecture,['MTWRF 9-9:50a']
VMC791 lecture,[]
VMC793 lecture,[]
VMC796 lecture,[]
AS111 lecture,['T 11-11:50a', 'R 9-9:50a']
AS211 lecture,['T 9-9:50a', 'R 11-11:50a']
AS311 lecture,['F 7-9:50a', 'W 9-11:50a']
AS411 lecture,['W 6-8:50p']
MS111 lecture,['W 11-11:50a', 'T 3-3:50p']
NS111 lecture,['TR 10-11:20a']
NS211 lecture,['MWF 10-11:40a']
ENSC479 lecture,[]
OAPI188 lecture,[]
OAPI288 lecture,[]
OAPI388 lecture,[]
OEEE188 lecture,[]
OEEE288 lecture,[]
OEEE388 lecture,[]
OEEE488 lecture,[]
OSAB188 lecture,[]
OSAB388 lecture,[]
OSAR488 lecture,[]
OSIT388 lecture,[]
H513 lecture,[]
H622 lecture,[]
HHS231 lecture,['MW 11-11:50a', 'TR 11-11:50a', 'MW 3-3:50p', 'TR 2-2:50p']
HHS241 lecture,[]
HHS513 lecture,[]
KIN132 lecture,['M 4-4:50p']
KIN230 lecture,[]
KIN306 lecture,[]
KIN307 lecture,[]
KIN311 lecture,['TR 10-11:50a']
KIN312 lecture,[]
KIN314 lecture,[]
KIN321 lecture,['MTWR 3-3:50p']
KIN324 lecture,['TR 2-3:50p']
KIN325 lecture,['MW 8-8:50a']
KIN341 lecture,[]
KIN343 lecture,[]
KIN360 lecture,[]
KIN370 lecture,['TR 12-1:20p']
KIN394 lecture,['MW 9-9:50a']
KIN395 lecture,['MW 11-11:50a']
KIN422 lecture,['MW 10-11:20a']
KIN423 lecture,['M 9-9:50a']
KIN425 lecture,['TR 12-1:20p']
KIN432 lecture,['T 4-6:50p']
KIN434 lecture,['TR 12-1:20p']
KIN437 lecture,[]
KIN444 lecture,[]
KIN475 lecture,[]
KIN483 lecture,['MWF 9-9:50a']
KIN510 lecture,[]
KIN547 lecture,[]
KIN567 lecture,[]
KIN586 lecture,['MW 12-1:20p']
NUTR216 lecture,[]
NUTR225 lecture,[]
NUTR235 lecture,['MW 10-11:50a']
NUTR240 lecture,['MWF 10-10:50a']
NUTR312 lecture,[]
NUTR325 lecture,[]
NUTR417 lecture,['MW 12-1:50p']
NUTR430 lecture,['MWF 2-2:50p']
PAC102 lecture,[]
PAC108 lecture,[]
PAC110 lecture,[]
PAC111 lecture,[]
PAC114 lecture,[]
PAC117 lecture,[]
PAC120 lecture,[]
PAC121 lecture,[]
PAC122 lecture,[]
PAC123 lecture,[]
PAC126 lecture,[]
PAC129 lecture,[]
PAC130 lecture,[]
PAC136 lecture,[]
PAC140 lecture,[]
PAC145 lecture,[]
PAC148 lecture,[]
PAC151 lecture,[]
PAC178 lecture,[]
PAC184 lecture,[]
PAC188 lecture,[]
PAC190 lecture,[]
PAC194 lecture,[]
PAC201 lecture,[]
PAC212 lecture,[]
PAC215 lecture,[]
PAC231 lecture,[]
PAC233 lecture,[]
PAC248 lecture,[]
PAC250 lecture,[]
PAC252 lecture,[]
PAC253 lecture,[]
PAC254 lecture,[]
PAC256 lecture,[]
PAC265 lecture,[]
PAC273 lecture,[]
PAC274 lecture,[]
PAC275 lecture,[]
PAC278 lecture,[]
PAC286 lecture,[]
PAC287 lecture,[]
PAC292 lecture,[]
PAC294 lecture,[]
PAC295 lecture,[]
PAC296 lecture,[]
PAC298 lecture,[]
PAC300 lecture,[]
PAC301 lecture,[]
PAC316 lecture,[]
PAC322 lecture,[]
H100 lecture,[]
H210 lecture,[]
H220 lecture,['TR 2-3:20p']
H225 lecture,['TR 12-1:50p', 'MW 2-3:50p', 'MW 12-1:50p']
H312 lecture,['TR 10-11:20a', 'MW 4-5:20p']
H319 lecture,[]
H320 lecture,['R 4-6:50p']
H333 lecture,[]
H344 lecture,['TR 2-3:20p']
H385 lecture,[]
H425 lecture,[]
H432 lecture,[]
H434 lecture,[]
H457 lecture,['TR 5-6:20p']
H476 lecture,['TR 12-1:50p']
H512 lecture,[]
H518 lecture,[]
H524 lecture,[]
H560 lecture,['W 10a-12:50p']
H562 lecture,['W 4-6:50p']
H576 lecture,['MW 2-3:50p']
H581 lecture,['TR 12-1:20p']
H598 lecture,[]
HDFS107 lecture,[]
HDFS201 lecture,[]
HDFS240 lecture,['TR 4-5:20p']
HDFS311 lecture,['MW 2-3:50p']
HDFS312 lecture,['MW 12-1:50p']
HDFS313 lecture,['TR 2-3:50p']
HDFS314 lecture,['TR 10-11:50a']
HDFS330 lecture,[]
HDFS341 lecture,[]
HDFS360 lecture,[]
HDFS361 lecture,[]
HDFS431 lecture,['MW 10-11:20a']
HDFS432 lecture,[]
HDFS444 lecture,[]
HDFS447 lecture,['TR 2-3:50p']
HDFS461 lecture,[]
HDFS462 lecture,[]
HDFS501 lecture,[]
HDFS630 lecture,[]
KIN409 lecture,[]
KIN481 lecture,['TR 10-11:20a', 'TR 4-5:20p']
ANS121H lecture,[]
BB314H lecture,[]
BA160H lecture,['TR 11-11:50a; W 7-8:50p', 'TR 11-11:50a; W 7-8:50p', 'TR 1-1:50p; W 7-8:50p', 'TR 1-1:50p; W 7-8:50p', 'TR 2-2:50p; W 7-8:50p', 'TR 2-2:50p; W 7-8:50p']
BA211H lecture,['TR 8-9:50a', 'TR 8-9:50a']
BA281H lecture,[]
BA375H lecture,[]
CH231H lecture,['MWF 12-12:50p']
CH361H lecture,['M 4-4:50p']
ENGR211H lecture,['MW 4-4:50p']
HC299 lecture,['T 3-3:50p']
BI211H lecture,[]
MTH251H lecture,['MW 12-1:50p', 'MW 10-11:50a', 'MW 8-9:50a']
MTH252H lecture,['MW 10-11:50a']
MTH254H lecture,['MW 2-3:50p', 'MW 12-1:50p']
HHS231H lecture,[]
PAC293H lecture,[]
CBEE101H lecture,[]
CBEE211H lecture,['MF 12-12:50p']
HST390H lecture,[]
PHL443H lecture,[]
ME382H lecture,['MWF 3-3:50p']
MIME101H lecture,[]
ENG201H lecture,[]
WR121H lecture,['TR 10-11:50a', 'MW 12-1:50p', 'MW 2-3:50p']
AED553 recitation,[]
AED555 recitation,[]
AED557 recitation,[]
AG111 recitation,[]
AG199 recitation,[]
AG301 recitation,[]
AG391 recitation,[]
AG421 recitation,[]
AG435 recitation,[]
AG499 recitation,[]
LEAD342 recitation,[]
LEAD443 recitation,[]
ANS121 recitation,[]
ANS220 recitation,[]
ANS311 recitation,[]
ANS315 recitation,[]
ANS327 recitation,[]
ANS341 recitation,[]
ANS378 recitation,[]
ANS380 recitation,[]
ANS420 recitation,[]
ANS434 recitation,[]
ANS435 recitation,[]
ANS439 recitation,[]
ANS445 recitation,[]
ANS599 recitation,[]
RNG121 recitation,[]
RNG341 recitation,[]
RNG353 recitation,[]
RNG355 recitation,[]
RNG421 recitation,[]
AEC121 recitation,[]
AEC250 recitation,[]
AEC251 recitation,[]
AEC351 recitation,[]
AEC352 recitation,[]
AEC388 recitation,[]
AEC460 recitation,[]
AEC465 recitation,[]
AEC512 recitation,[]
AEC525 recitation,[]
BRR100 recitation,[]
BOT220 recitation,[]
BOT324 recitation,[]
BOT341 recitation,[]
BOT350 recitation,[]
BOT461 recitation,[]
BOT550 recitation,['W 2-5:20p']
CROP200 recitation,[]
CROP300 recitation,['R 9-9:50a', 'R 10-10:50a', 'R 11-11:50a']
CROP310 recitation,[]
CROP330 recitation,[]
CROP440 recitation,[]
CROP460 recitation,[]
CSS205 recitation,[]
CSS305 recitation,[]
CSS306 recitation,[]
SOIL205 recitation,[]
SOIL206 recitation,[]
SOIL316 recitation,[]
SOIL388 recitation,[]
SOIL395 recitation,[]
SOIL466 recitation,[]
SUS102 recitation,[]
SUS103 recitation,[]
SUS304 recitation,[]
SUS350 recitation,[]
SUS420 recitation,[]
ENT300 recitation,[]
ENT311 recitation,[]
ENT322 recitation,[]
ENT331 recitation,[]
TOX360 recitation,[]
TOX530 recitation,[]
FW251 recitation,[]
FW255 recitation,[]
FW289 recitation,[]
FW302 recitation,[]
FW303 recitation,[]
FW311 recitation,[]
FW312 recitation,[]
FW315 recitation,[]
FW316 recitation,[]
FW317 recitation,[]
FW320 recitation,[]
FW321 recitation,[]
FW323 recitation,[]
FW325 recitation,[]
FW328 recitation,[]
FW340 recitation,[]
FW341 recitation,[]
FW350 recitation,[]
FW360 recitation,[]
FW370 recitation,[]
FW426 recitation,[]
FW435 recitation,[]
FW439 recitation,[]
FW451 recitation,[]
FW452 recitation,[]
FW454 recitation,[]
FW458 recitation,[]
FW464 recitation,[]
FW475 recitation,[]
FW479 recitation,[]
FW488 recitation,[]
FW497 recitation,[]
FW523 recitation,[]
FW551 recitation,[]
FW558 recitation,[]
FW575 recitation,[]
FW579 recitation,[]
FW583 recitation,[]
FW597 recitation,[]
FW599 recitation,[]
FW620 recitation,[]
FST101 recitation,[]
FST251 recitation,[]
FST385 recitation,[]
FST407 recitation,[]
FST422 recitation,[]
FST460 recitation,[]
FST499 recitation,[]
FST522 recitation,['R 9-9:50a']
HORT112 recitation,[]
HORT217 recitation,[]
HORT226 recitation,[]
HORT251 recitation,[]
HORT300 recitation,['R 9-9:50a', 'R 10-10:50a', 'R 11-11:50a']
HORT301 recitation,[]
HORT314 recitation,[]
HORT316 recitation,[]
HORT318 recitation,[]
HORT330 recitation,[]
HORT331 recitation,[]
HORT350 recitation,[]
HORT380 recitation,[]
HORT410 recitation,[]
HORT452 recitation,[]
HORT463 recitation,[]
ACTG317 recitation,[]
ACTG378 recitation,[]
ACTG417 recitation,[]
ACTG420 recitation,[]
ACTG424 recitation,[]
BA101 recitation,['R 10-10:50a', 'R 11-11:50a']
BA140 recitation,[]
BA160 recitation,['F 9-9:50a', 'F 11-11:50a', 'F 1-1:50p', 'F 10-10:50a', 'F 11-11:50a', 'F 1-1:50p']
BA211 recitation,[]
BA213 recitation,[]
BA223 recitation,[]
BA230 recitation,[]
BA240 recitation,[]
BA253 recitation,[]
BA260 recitation,[]
BA270 recitation,[]
BA272 recitation,[]
BA275 recitation,[]
BA280 recitation,[]
BA281 recitation,[]
BA282 recitation,[]
BA290 recitation,[]
BA311 recitation,[]
BA314 recitation,[]
BA315 recitation,[]
BA330 recitation,[]
BA333 recitation,[]
BA347 recitation,[]
BA351 recitation,[]
BA352 recitation,[]
BA354 recitation,[]
BA357 recitation,[]
BA360 recitation,[]
BA362 recitation,[]
BA365 recitation,[]
BA370 recitation,[]
BA375 recitation,[]
BA376 recitation,[]
BA381 recitation,[]
BA390 recitation,[]
BA405 recitation,[]
BA406 recitation,[]
BA407 recitation,[]
BA451 recitation,[]
BA460 recitation,[]
BA464 recitation,[]
BA466 recitation,[]
BA516 recitation,[]
BA528 recitation,[]
BA540 recitation,[]
BA550 recitation,[]
BA551 recitation,[]
BA555 recitation,[]
BA562 recitation,[]
BA569 recitation,[]
BA573 recitation,[]
BA590 recitation,[]
DSGN121 recitation,[]
DSGN226 recitation,[]
DSGN244 recitation,[]
DSGN255 recitation,[]
DSGN276 recitation,[]
DSGN281 recitation,[]
DSGN282 recitation,[]
DSGN287 recitation,[]
DSGN330 recitation,[]
DSGN333 recitation,[]
DSGN341 recitation,[]
DSGN427 recitation,[]
DSGN428 recitation,[]
DSGN464 recitation,[]
DSGN472 recitation,[]
DSGN475 recitation,[]
FIN340 recitation,[]
FIN342 recitation,[]
FIN441 recitation,[]
FIN443 recitation,[]
FIN444 recitation,[]
FIN445 recitation,[]
FIN499 recitation,[]
HM101 recitation,[]
MGMT364 recitation,[]
MGMT448 recitation,[]
MGMT453 recitation,[]
MRKT390 recitation,[]
MRKT396 recitation,[]
MRKT484 recitation,[]
MRKT486 recitation,[]
MRKT489 recitation,[]
MRKT492 recitation,[]
MRKT493 recitation,[]
MRKT495 recitation,[]
AHE553 recitation,[]
AHE611 recitation,[]
AHE643 recitation,[]
COUN441 recitation,[]
COUN533 recitation,[]
COUN550 recitation,[]
COUN562 recitation,[]
COUN662 recitation,[]
ED219 recitation,[]
ED253 recitation,[]
ED411 recitation,[]
ED420 recitation,[]
ED472 recitation,[]
ED476 recitation,[]
ED479 recitation,[]
ED483 recitation,[]
ED510 recitation,[]
ED520 recitation,[]
ED551 recitation,[]
ED566 recitation,[]
ED572 recitation,[]
FES240 recitation,[]
FES241 recitation,['T 4-5:50p', 'R 4-5:50p']
FES341 recitation,[]
FES342 recitation,[]
FES350 recitation,[]
FES355 recitation,[]
FES430 recitation,[]
FES435 recitation,[]
FES444 recitation,[]
FES445 recitation,[]
FES452 recitation,[]
FES455 recitation,[]
FES555 recitation,[]
NR201 recitation,[]
NR202 recitation,[]
NR312 recitation,[]
NR455 recitation,[]
SNR511 recitation,[]
SNR521 recitation,[]
SNR540 recitation,[]
TRAL130 recitation,[]
TRAL251 recitation,[]
TRAL352 recitation,[]
TRAL353 recitation,[]
TRAL357 recitation,[]
TRAL375 recitation,[]
TRAL493 recitation,[]
FE208 recitation,[]
FE257 recitation,[]
FE370 recitation,[]
FE430 recitation,[]
FE434 recitation,[]
FE457 recitation,[]
FE460 recitation,[]
FE532 recitation,[]
FOR111 recitation,[]
FOR321 recitation,[]
FOR413 recitation,[]
FOR436 recitation,[]
FOR457 recitation,[]
FOR462 recitation,[]
FOR562 recitation,[]
FOR599 recitation,[]
WSE210 recitation,[]
WSE266 recitation,[]
WSE320 recitation,[]
WSE321 recitation,[]
WSE392 recitation,[]
WSE461 recitation,[]
PHAR210 recitation,[]
PHAR714 recitation,[]
PHAR720 recitation,[]
PHAR729 recitation,[]
PHAR735 recitation,[]
PHAR738 recitation,[]
PHAR740 recitation,[]
PHAR752 recitation,[]
PHAR761 recitation,[]
PHAR764 recitation,[]
PHAR770 recitation,[]
AMS311 recitation,[]
EAH411 recitation,[]
ART100 recitation,[]
ART101 recitation,[]
ART115 recitation,[]
ART117 recitation,[]
ART121 recitation,[]
ART131 recitation,[]
ART199 recitation,[]
ART204 recitation,[]
ART205 recitation,[]
ART234 recitation,[]
ART263 recitation,[]
ART264 recitation,[]
ART271 recitation,[]
ART281 recitation,[]
ART320 recitation,[]
ART322 recitation,[]
ART339 recitation,[]
ART340 recitation,[]
ART345 recitation,[]
ART347 recitation,[]
ART367 recitation,[]
ART379 recitation,[]
ART399 recitation,[]
ART432 recitation,[]
ART444 recitation,[]
ART462 recitation,[]
ART481 recitation,[]
COMM111 recitation,['TR 9-9:50a', 'TR 12-12:50p', 'TR 1-1:50p', 'TR 10-10:50a', 'TR 1-1:50p', 'TR 3-3:50p', 'TR 3-3:50p', 'TR 4-4:50p', 'TR 9-9:50a', 'TR 2-2:50p', 'TR 11-11:50a', 'TR 10-10:50a', 'WF 10-10:50a', 'WF 2-2:50p', 'WF 11-11:50a', 'WF 1-1:50p', 'WF 9-9:50a', 'WF 10-10:50a', 'WF 3-3:50p', 'WF 1-1:50p', 'WF 9-9:50a', 'WF 11-11:50a', 'WF 2-2:50p', 'WF 3-3:50p']
COMM114 recitation,['TR 9-9:50a', 'TR 10-10:50a', 'TR 1-1:50p', 'WF 10-10:50a', 'TR 11-11:50a', 'WF 11-11:50a', 'WF 1-1:50p', 'TR 2-2:50p', 'WF 9-9:50a', 'WF 2-2:50p', 'TR 12-12:50p']
COMM211 recitation,[]
COMM218 recitation,[]
COMM312 recitation,[]
COMM316 recitation,[]
COMM320 recitation,[]
COMM321 recitation,[]
COMM322 recitation,[]
COMM324 recitation,[]
COMM326 recitation,[]
COMM328 recitation,[]
COMM372 recitation,[]
COMM380 recitation,[]
COMM385 recitation,[]
COMM399 recitation,[]
COMM414 recitation,[]
COMM422 recitation,[]
COMM425 recitation,[]
COMM437 recitation,[]
COMM440 recitation,[]
COMM458 recitation,[]
COMM540 recitation,[]
GD200 recitation,[]
GD226 recitation,[]
GD326 recitation,[]
GD328 recitation,[]
GD424 recitation,[]
GD426 recitation,[]
MUED277 recitation,[]
MUP193 recitation,[]
MUS101 recitation,[]
MUS102 recitation,[]
MUS111 recitation,[]
MUS121 recitation,[]
MUS171 recitation,[]
MUS221 recitation,[]
MUS234 recitation,[]
MUS271 recitation,[]
MUS315 recitation,[]
MUS324 recitation,[]
MUS371 recitation,[]
MUS399 recitation,[]
MUS442 recitation,[]
NMC100 recitation,[]
NMC101 recitation,[]
NMC255 recitation,[]
NMC301 recitation,[]
NMC302 recitation,[]
NMC306 recitation,[]
NMC311 recitation,[]
NMC321 recitation,[]
NMC322 recitation,[]
NMC330 recitation,[]
NMC351 recitation,[]
NMC380 recitation,[]
NMC399 recitation,[]
NMC409 recitation,[]
NMC418 recitation,[]
NMC419 recitation,[]
NMC421 recitation,[]
NMC440 recitation,[]
NMC481 recitation,[]
NMC484 recitation,[]
NMC498 recitation,[]
NMC499 recitation,[]
TA147 recitation,[]
TA242 recitation,[]
TA244 recitation,[]
TA247 recitation,[]
TA330 recitation,[]
TA351 recitation,[]
HST101 recitation,[]
HST102 recitation,[]
HST103 recitation,[]
HST104 recitation,[]
HST105 recitation,[]
HST106 recitation,[]
HST201 recitation,[]
HST202 recitation,[]
HST203 recitation,[]
HST210 recitation,[]
HST310 recitation,[]
HST317 recitation,[]
HST318 recitation,[]
HST321 recitation,[]
HST322 recitation,[]
HST325 recitation,[]
HST328 recitation,[]
HST340 recitation,[]
HST348 recitation,[]
HST350 recitation,[]
HST362 recitation,[]
HST369 recitation,[]
HST387 recitation,[]
HST391 recitation,[]
HST399 recitation,[]
HST407 recitation,[]
HST416 recitation,[]
HST425 recitation,[]
HST470 recitation,[]
HST481 recitation,[]
HSTS417 recitation,[]
HSTS419 recitation,[]
HSTS451 recitation,[]
PHL121 recitation,[]
PHL150 recitation,[]
PHL160 recitation,[]
PHL201 recitation,[]
PHL205 recitation,[]
PHL207 recitation,[]
PHL208 recitation,[]
PHL210 recitation,[]
PHL251 recitation,[]
PHL301 recitation,[]
PHL316 recitation,[]
PHL407 recitation,[]
PHL443 recitation,[]
PHL444 recitation,[]
PHL543 recitation,[]
REL160 recitation,[]
REL208 recitation,[]
REL210 recitation,[]
REL378 recitation,[]
REL415 recitation,[]
REL443 recitation,[]
ANTH101 recitation,['F 2-3:50p', 'F 4-5:50p']
ANTH110 recitation,[]
ANTH210 recitation,[]
ANTH230 recitation,[]
ANTH251 recitation,[]
ANTH261 recitation,[]
ANTH284 recitation,[]
ANTH311 recitation,[]
ANTH313 recitation,[]
ANTH330 recitation,[]
ANTH332 recitation,[]
ANTH345 recitation,[]
ANTH350 recitation,[]
ANTH352 recitation,[]
ANTH361 recitation,[]
ANTH370 recitation,[]
ANTH374 recitation,[]
ANTH380 recitation,[]
ANTH383 recitation,[]
ANTH433 recitation,[]
ANTH449 recitation,[]
ANTH475 recitation,[]
ANTH477 recitation,[]
ANTH478 recitation,[]
ANTH490 recitation,[]
ASL111 recitation,[]
ASL211 recitation,[]
CHN111 recitation,[]
CHN211 recitation,[]
CHN311 recitation,[]
CSSA548 recitation,[]
CSSA574 recitation,[]
CSSA599 recitation,[]
ES101 recitation,[]
ES223 recitation,[]
ES231 recitation,[]
ES241 recitation,[]
ES243 recitation,[]
ES260 recitation,[]
ES351 recitation,[]
FCSJ261 recitation,[]
FCSJ454 recitation,[]
FR111 recitation,[]
FR211 recitation,[]
FR311 recitation,[]
FR340 recitation,[]
GER111 recitation,[]
GER211 recitation,[]
GER311 recitation,[]
GER411 recitation,[]
IT111 recitation,[]
IT211 recitation,[]
JPN111 recitation,['TR 9-9:50a', 'TR 10-10:50a', 'TR 1-1:50p', 'TR 2-2:50p']
JPN211 recitation,['TR 3-3:50p', 'TR 4-4:50p']
JPN311 recitation,[]
KOR111 recitation,[]
KOR211 recitation,[]
QS262 recitation,[]
SPAN111 recitation,[]
SPAN112 recitation,[]
SPAN211 recitation,[]
SPAN311 recitation,[]
SPAN314 recitation,[]
SPAN317 recitation,[]
SPAN318 recitation,[]
SPAN327 recitation,[]
SPAN331 recitation,[]
SPAN336 recitation,[]
SPAN438 recitation,[]
WGSS223 recitation,[]
WGSS224 recitation,[]
WGSS230 recitation,[]
WGSS240 recitation,[]
WGSS262 recitation,[]
WGSS280 recitation,[]
WGSS325 recitation,[]
WGSS340 recitation,[]
WGSS360 recitation,[]
WGSS414 recitation,[]
WGSS440 recitation,[]
WLC231 recitation,[]
WLC320 recitation,[]
WLC331 recitation,[]
WLC335 recitation,[]
PSY201 recitation,[]
PSY202 recitation,[]
PSY301 recitation,[]
PSY330 recitation,[]
PSY340 recitation,[]
PSY350 recitation,[]
PSY360 recitation,[]
PSY370 recitation,[]
PSY381 recitation,[]
PSY399 recitation,[]
PSY426 recitation,[]
PSY433 recitation,[]
PSY437 recitation,[]
PSY440 recitation,[]
PSY442 recitation,[]
PSY444 recitation,[]
PSY456 recitation,[]
PSY460 recitation,[]
PSY468 recitation,[]
PSY480 recitation,[]
PSY482 recitation,[]
PSY485 recitation,[]
PSY493 recitation,[]
PSY496 recitation,[]
PSY499 recitation,[]
PSY561 recitation,[]
ECON201 recitation,[]
ECON202 recitation,[]
ECON311 recitation,[]
ECON315 recitation,[]
ECON330 recitation,[]
ECON340 recitation,[]
ECON352 recitation,[]
ECON411 recitation,[]
ECON423 recitation,[]
ECON424 recitation,[]
ECON428 recitation,[]
ECON435 recitation,[]
ECON439 recitation,[]
ECON460 recitation,[]
ECON491 recitation,[]
ECON517 recitation,[]
PPOL512 recitation,[]
PPOL521 recitation,[]
PPOL523 recitation,[]
PPOL622 recitation,[]
PS110 recitation,[]
PS201 recitation,[]
PS204 recitation,[]
PS205 recitation,[]
PS206 recitation,[]
PS300 recitation,[]
PS312 recitation,[]
PS313 recitation,[]
PS321 recitation,[]
PS331 recitation,[]
PS345 recitation,[]
PS346 recitation,[]
PS348 recitation,[]
PS362 recitation,[]
PS363 recitation,[]
PS371 recitation,[]
PS399 recitation,[]
PS455 recitation,[]
PS458 recitation,[]
PS475 recitation,[]
PS477 recitation,[]
PS478 recitation,[]
PS577 recitation,[]
PS578 recitation,[]
SOC204 recitation,[]
SOC205 recitation,[]
SOC206 recitation,[]
SOC241 recitation,[]
SOC312 recitation,[]
SOC315 recitation,[]
SOC340 recitation,[]
SOC345 recitation,[]
SOC350 recitation,[]
SOC355 recitation,[]
SOC360 recitation,[]
SOC381 recitation,[]
SOC413 recitation,[]
SOC437 recitation,[]
SOC439 recitation,[]
SOC441 recitation,[]
SOC442 recitation,[]
SOC450 recitation,[]
SOC452 recitation,[]
SOC454 recitation,[]
SOC480 recitation,[]
SOC481 recitation,[]
ENG104 recitation,[]
ENG106 recitation,[]
ENG107 recitation,[]
ENG200 recitation,[]
ENG201 recitation,[]
ENG204 recitation,[]
ENG210 recitation,[]
ENG211 recitation,[]
ENG213 recitation,[]
ENG222 recitation,[]
ENG253 recitation,[]
ENG275 recitation,[]
ENG319 recitation,[]
ENG320 recitation,[]
ENG330 recitation,[]
ENG362 recitation,[]
ENG375 recitation,[]
ENG386 recitation,[]
ENG418 recitation,[]
ENG425 recitation,[]
FILM245 recitation,[]
FILM445 recitation,[]
WR121 recitation,[]
WR201 recitation,[]
WR214 recitation,[]
WR222 recitation,[]
WR224 recitation,[]
WR230 recitation,[]
WR240 recitation,[]
WR241 recitation,[]
WR303 recitation,[]
WR323 recitation,[]
WR324 recitation,[]
WR327 recitation,[]
WR362 recitation,[]
WR407 recitation,[]
WR411 recitation,[]
WR448 recitation,[]
WR449 recitation,[]
WR497 recitation,[]
BB314 recitation,['W 2-3:50p', 'W 4-5:50p', 'R 12-1:50p', 'R 10-11:50a', 'R 4-5:50p']
BB317 recitation,[]
BB332 recitation,[]
BB350 recitation,[]
BB450 recitation,['W 9-9:50a', 'T 2-2:50p', 'R 12-12:50p', 'R 1-1:50p', 'T 12-12:50p', 'T 1-1:50p', 'W 11-11:50a', 'W 4-4:50p', 'W 11-11:50a']
BB451 recitation,[]
BB481 recitation,[]
BB490 recitation,[]
BB493 recitation,[]
BB497 recitation,[]
BOT325 recitation,[]
CH101 recitation,[]
CH110 recitation,[]
CH121 recitation,['MW 12-12:50p', 'MW 12-12:50p', 'MW 1-1:50p', 'MW 1-1:50p', 'MW 2-2:50p', 'MW 2-2:50p', 'TR 9-9:50a', 'TR 9-9:50a', 'TR 10-10:50a', 'TR 10-10:50a', 'TR 11-11:50a', 'TR 11-11:50a', 'TR 12-12:50p', 'TR 12-12:50p', 'TR 1-1:50p', 'TR 1-1:50p', 'TR 2-2:50p', 'TR 2-2:50p']
CH122 recitation,[]
CH123 recitation,[]
CH201 recitation,[]
CH231 recitation,[]
CH233 recitation,['', '', '', '']
CH261 recitation,[]
CH263 recitation,[]
CH271 recitation,[]
CH324 recitation,[]
CH331 recitation,['M 11-11:50a', 'M 2-2:50p', 'M 3-3:50p', 'T 10-10:50a', 'T 11-11:50a', 'T 2-2:50p', 'T 3-3:50p', 'W 12-12:50p', 'W 1-1:50p', 'R 11-11:50a', 'R 12-12:50p', 'T 10-10:50a', 'T 11-11:50a', 'T 3-3:50p', 'W 11-11:50a', 'W 11-11:50a', 'W 3-3:50p', 'W 4-4:50p', 'T 12-12:50p', 'T 2-2:50p', 'W 12-12:50p', 'R 11-11:50a']
CH334 recitation,[]
CH337 recitation,[]
CH361 recitation,[]
CH411 recitation,[]
CH421 recitation,[]
CH440 recitation,[]
CH461 recitation,[]
CH511 recitation,[]
CH535 recitation,[]
CH607 recitation,[]
CH616 recitation,[]
CH630 recitation,[]
GS399 recitation,[]
BI101 recitation,[]
BI204 recitation,[]
BI206 recitation,[]
BI211 recitation,[]
BI231 recitation,[]
BI241 recitation,['M 3-3:50p', 'M 4-4:50p', 'M 5-5:50p', 'T 8-8:50a', 'T 9-9:50a', 'W 3-3:50p', 'W 4-4:50p', 'R 8-8:50a']
BI311 recitation,['T 4-4:50p', 'W 1-1:50p', 'R 9-9:50a', 'R 11-11:50a', 'R 4-4:50p', 'F 2-2:50p']
BI319 recitation,[]
BI331 recitation,[]
BI341 recitation,[]
BI347 recitation,[]
BI351 recitation,[]
BI370 recitation,[]
BI445 recitation,[]
Z349 recitation,[]
Z371 recitation,[]
Z372 recitation,[]
Z422 recitation,[]
Z423 recitation,[]
Z425 recitation,[]
MTH065 recitation,[]
MTH103 recitation,[]
MTH105 recitation,[]
MTH111 recitation,['WF 8-8:50a', 'WF 12-12:50p', 'WF 10-10:50a', 'WF 2-2:50p', 'WF 4-4:50p', 'TR 1-1:50p']
MTH112 recitation,['T 8:30-9:50a', 'T 10-11:20a', 'T 12-1:20p', 'T 2-3:20p', 'T 10-11:20a', 'T 12-1:20p', 'T 4-5:20p', 'T 12-1:20p', 'T 2-3:20p', 'T 12-1:20p', 'T 2-3:20p', 'T 4-5:20p', 'T 8:30-9:50a', 'T 10-11:20a', 'T 12-1:20p', 'TR 1-1:50p']
MTH211 recitation,[]
MTH228 recitation,['R 12-1:20p', 'R 2-3:20p']
MTH231 recitation,['T 8:30-9:50a', 'T 10-11:20a', 'T 12-1:20p', 'T 10-11:20a', 'T 12-1:20p', 'T 8:30-9:50a']
MTH241 recitation,['T 8:30-9:50a', 'T 10-11:20a', 'T 12-1:20p', 'T 12-1:20p', 'T 2-3:20p', 'T 4-5:20p']
MTH245 recitation,[]
MTH251 recitation,['R 8:30-9:50a', 'R 10-11:20a', 'R 12-1:20p', 'R 8:30-9:50a', 'R 10-11:20a', 'R 12-1:20p', 'R 10-11:20a', 'R 12-1:20p', 'R 8:30-9:50a', 'R 12-1:20p', 'R 2-3:20p', 'R 10-11:20a', 'R 12-1:20p', 'R 2-3:20p', 'R 4-5:20p', 'R 5:30-6:50p', 'R 2-3:20p', 'R 4-5:20p', 'R 12-1:20p', 'R 8:30-9:50a', 'R 10-11:20a', 'TR 12-12:50p']
MTH252 recitation,['T 8:30-9:50a', 'T 10-11:20a', 'T 12-1:20p', 'T 8:30-9:50a', 'T 10-11:20a', 'T 12-1:20p', 'T 5:30-6:50p', 'T 2-3:20p', 'T 4-5:20p']
MTH254 recitation,['R 2-3:20p', 'R 4-5:20p', 'R 6-7:20p', 'R 4-5:20p', 'R 2-3:20p', 'R 12-1:20p', 'R 8-9:20a', 'R 10-11:20a', 'R 12-1:20p', 'R 8:30-9:50a', 'R 10-11:20a', 'R 12-1:20p']
MTH255 recitation,['T 8:30-9:50a', 'T 10-11:20a', 'T 12-1:20p']
MTH256 recitation,['R 8:30-9:50a', 'R 10-11:20a', 'R 12-1:20p', 'R 12-1:20p', 'R 2-3:20p', 'R 4-5:20p']
MTH306 recitation,['T 2-3:20p']
MTH311 recitation,['R 9-9:50a', 'R 10-10:50a']
MTH321 recitation,[]
MTH338 recitation,[]
MTH341 recitation,[]
MTH342 recitation,['R 4-4:50p', 'R 3-3:50p']
MTH343 recitation,['R 2-2:50p']
MTH351 recitation,[]
MTH355 recitation,[]
MTH361 recitation,[]
MTH390 recitation,[]
MTH427 recitation,[]
MTH440 recitation,[]
MTH451 recitation,[]
MTH463 recitation,[]
MTH481 recitation,[]
MTH511 recitation,[]
MTH543 recitation,[]
MTH551 recitation,[]
MTH581 recitation,[]
MTH621 recitation,[]
MTH654 recitation,[]
MB230 recitation,[]
MB302 recitation,[]
MB303 recitation,[]
MB416 recitation,[]
MB417 recitation,[]
MB420 recitation,[]
PH104 recitation,[]
PH201 recitation,['T 8-8:50a', 'T 9-9:50a', 'T 10-10:50a', 'T 11-11:50a', 'T 4-4:50p', 'T 5-5:50p', 'R 8-8:50a', 'R 9-9:50a', 'R 10-10:50a', 'R 2-2:50p', 'R 3-3:50p', 'R 5-5:50p', 'R 11-11:50a', 'T 6-6:50p', 'R 4-4:50p', 'T 3-3:50p', 'R 6-6:50p', 'T 12-12:50p', 'T 2-2:50p', 'M 3-3:50p', 'W 3-3:50p']
PH205 recitation,[]
PH211 recitation,[]
PH212 recitation,[]
PH213 recitation,[]
PH313 recitation,[]
PH332 recitation,[]
PH403 recitation,[]
PH411 recitation,[]
PH423 recitation,[]
PH425 recitation,[]
PH431 recitation,[]
PH562 recitation,[]
PH631 recitation,[]
PH651 recitation,[]
ST201 recitation,['R 5-5:50p', 'R 6-6:50p', 'F 8-8:50a', 'F 9-9:50a', 'F 10-10:50a', 'F 1-1:50p', 'F 2-2:50p', 'F 4-4:50p']
ST202 recitation,[]
ST314 recitation,[]
ST351 recitation,[]
ST352 recitation,[]
ST411 recitation,[]
ST421 recitation,['R 4-4:50p', 'R 9-9:50a']
ST506 recitation,[]
ST511 recitation,[]
ST516 recitation,[]
ST521 recitation,['R 4-4:50p', 'R 9-9:50a']
ST525 recitation,[]
ST531 recitation,[]
ST541 recitation,[]
ST551 recitation,[]
ST558 recitation,[]
ST561 recitation,['T 4-4:50p']
ST591 recitation,[]
ST623 recitation,[]
GRAD420 recitation,[]
GRAD542 recitation,[]
GRAD560 recitation,[]
WRP521 recitation,[]
MCB699 recitation,[]
ALS108 recitation,[]
ALS114 recitation,[]
ALS116 recitation,[]
ALS140 recitation,[]
ALS141 recitation,[]
ALS150 recitation,[]
ALS151 recitation,[]
ALS161 recitation,[]
ALS162 recitation,[]
ALS165 recitation,[]
ALS166 recitation,[]
ALS173 recitation,[]
ALS174 recitation,[]
ALS199 recitation,[]
UEXP399 recitation,[]
GEO101 recitation,[]
GEO201 recitation,[]
GEO221 recitation,[]
GEO295 recitation,[]
GEO305 recitation,[]
GEO306 recitation,[]
GEO307 recitation,[]
GEO308 recitation,[]
GEO310 recitation,[]
GEO322 recitation,[]
GEO380 recitation,[]
GEO481 recitation,[]
GEO487 recitation,[]
GEOG100 recitation,['T 8-9:50a', 'W 10-11:50a', 'R 2-3:50p', 'F 8-9:50a', 'F 10-11:50a']
GEOG102 recitation,[]
GEOG105 recitation,['T 2-3:50p', 'W 12-1:50p', 'W 2-3:50p', 'R 8-9:50a']
GEOG106 recitation,[]
GEOG201 recitation,[]
GEOG203 recitation,[]
GEOG240 recitation,[]
GEOG300 recitation,[]
GEOG313 recitation,[]
GEOG323 recitation,[]
GEOG331 recitation,[]
GEOG340 recitation,[]
GEOG350 recitation,[]
GEOG360 recitation,[]
GEOG370 recitation,[]
GEOG450 recitation,[]
GEOG480 recitation,[]
GEOG560 recitation,[]
GEOG564 recitation,[]
GEOG580 recitation,[]
ATS201 recitation,[]
ATS301 recitation,[]
ATS310 recitation,[]
OC103 recitation,[]
OC201 recitation,[]
OC333 recitation,[]
OC430 recitation,[]
OC434 recitation,[]
OC512 recitation,[]
OEAS540 recitation,[]
BEE101 recitation,[]
BEE311 recitation,[]
BEE320 recitation,[]
BEE469 recitation,[]
BEE472 recitation,[]
BEE512 recitation,[]
BEE542 recitation,[]
ENGR101 recitation,[]
ENGR111 recitation,[]
ENGR112 recitation,[]
ENGR201 recitation,[]
ENGR203 recitation,[]
ENGR211 recitation,['R 8-9:50a', 'R 10-11:50a', 'R 12-1:50p', 'R 2-3:50p', 'R 4-5:50p', 'F 12-1:50p', 'F 10-11:50a', 'F 4-5:50p', 'F 2-3:50p', 'R 8-9:50a', 'R 10-11:50a', 'R 12-1:50p', 'R 2-3:50p', 'R 4-5:50p', 'F 12-1:50p', 'F 10-11:50a', 'F 4-5:50p', 'F 2-3:50p', 'R 8-9:50a', 'R 10-11:50a', 'R 12-1:50p', 'R 2-3:50p', 'R 4-5:50p', 'F 12-1:50p', 'F 10-11:50a', 'F 4-5:50p', 'F 2-3:50p']
ENGR212 recitation,[]
ENGR213 recitation,[]
ENGR248 recitation,[]
ENGR350 recitation,[]
ENGR390 recitation,[]
ENGR391 recitation,[]
BIOE491 recitation,[]
CBEE101 recitation,[]
CBEE211 recitation,['W 12-12:50p', 'W 1-1:50p']
CBEE320 recitation,['MW 3-3:50p']
CBEE414 recitation,[]
CHE311 recitation,[]
CHE320 recitation,['TR 9-9:50a']
CHE331 recitation,[]
CHE411 recitation,['T 10-11:50a', 'T 12-1:50p', 'T 2-3:50p', 'T 4-5:50p']
CHE443 recitation,[]
CHE445 recitation,['TR 6-6:50p']
CHE525 recitation,[]
CHE551 recitation,[]
CHE599 recitation,[]
ENVE421 recitation,[]
ENVE499 recitation,[]
ENVE532 recitation,[]
ENVE536 recitation,[]
CCE101 recitation,[]
CCE201 recitation,[]
CCE321 recitation,[]
CE311 recitation,['R 12-1:50p', 'R 2-3:50p']
CE361 recitation,[]
CE373 recitation,['R 2-3:50p']
CE381 recitation,['R 6-7:50p', 'T 6-7:50p']
CE383 recitation,[]
CE412 recitation,[]
CE420 recitation,[]
CE481 recitation,[]
CE491 recitation,['R 10-11:50a']
CE520 recitation,[]
CE531 recitation,[]
CE534 recitation,[]
CE566 recitation,[]
CE590 recitation,[]
CE630 recitation,[]
CE640 recitation,[]
CEM342 recitation,[]
CEM343 recitation,[]
CEM383 recitation,['T 8-9:50a']
CEM431 recitation,[]
CEM442 recitation,[]
CEM471 recitation,[]
CS101 recitation,[]
CS160 recitation,[]
CS161 recitation,[]
CS162 recitation,[]
CS165 recitation,[]
CS175 recitation,[]
CS225 recitation,[]
CS261 recitation,['T 8-9:50a', 'T 10-11:50a', 'T 2-3:50p', 'W 4-5:50p', 'M 4-5:50p', 'W 2-3:50p', 'T 12-1:50p', 'T 4-5:50p', 'W 12-1:50p']
CS271 recitation,[]
CS290 recitation,[]
CS321 recitation,[]
CS325 recitation,[]
CS340 recitation,[]
CS344 recitation,[]
CS352 recitation,[]
CS361 recitation,[]
CS370 recitation,[]
CS372 recitation,[]
CS391 recitation,[]
CS419 recitation,[]
CS444 recitation,['F 12-1:50p', 'F 4-5:50p', 'W 4-5:50p', 'W 12-1:50p', 'T 4-5:50p', 'R 4-5:50p']
CS450 recitation,[]
CS461 recitation,[]
CS466 recitation,[]
CS468 recitation,[]
CS472 recitation,[]
CS491 recitation,[]
CS493 recitation,[]
CS506 recitation,[]
CS515 recitation,[]
CS519 recitation,[]
CS534 recitation,[]
CS550 recitation,[]
CS568 recitation,[]
CS578 recitation,[]
CS581 recitation,[]
ECE111 recitation,[]
ECE271 recitation,[]
ECE272 recitation,[]
ECE322 recitation,[]
ECE351 recitation,[]
ECE372 recitation,[]
ECE375 recitation,[]
ECE390 recitation,[]
ECE416 recitation,[]
ECE422 recitation,[]
ECE433 recitation,[]
ECE451 recitation,[]
ECE461 recitation,[]
ECE468 recitation,[]
ECE472 recitation,[]
ECE473 recitation,[]
ECE499 recitation,[]
ECE516 recitation,[]
ECE522 recitation,[]
ECE530 recitation,[]
ECE550 recitation,[]
ECE561 recitation,[]
ECE565 recitation,[]
ECE580 recitation,[]
ECE599 recitation,[]
ECE614 recitation,[]
AAE412 recitation,[]
ESE450 recitation,[]
ESE470 recitation,[]
ESE497 recitation,[]
IE212 recitation,[]
IE255 recitation,[]
IE285 recitation,[]
IE355 recitation,[]
IE367 recitation,[]
IE412 recitation,[]
IE425 recitation,[]
IE475 recitation,[]
IE497 recitation,[]
IE512 recitation,[]
IE521 recitation,[]
IE582 recitation,[]
IE599 recitation,[]
MATS321 recitation,[]
MATS322 recitation,[]
MATS499 recitation,[]
MATS570 recitation,[]
MATS581 recitation,[]
ME311 recitation,[]
ME316 recitation,[]
ME317 recitation,[]
ME331 recitation,[]
ME332 recitation,[]
ME373 recitation,[]
ME382 recitation,[]
ME383 recitation,[]
ME413 recitation,[]
ME420 recitation,[]
ME430 recitation,[]
ME460 recitation,[]
ME461 recitation,[]
ME480 recitation,[]
ME484 recitation,[]
ME497 recitation,[]
ME520 recitation,[]
ME526 recitation,[]
ME531 recitation,[]
ME560 recitation,[]
ME580 recitation,[]
MFGE436 recitation,[]
MFGE438 recitation,[]
MFGE535 recitation,[]
MFGE536 recitation,[]
MIME101 recitation,[]
ROB456 recitation,[]
ROB514 recitation,[]
ROB538 recitation,[]
ROB599 recitation,[]
NSE114 recitation,[]
NSE234 recitation,[]
NSE311 recitation,[]
NSE415 recitation,[]
NSE451 recitation,[]
NSE455 recitation,[]
NSE467 recitation,[]
NSE481 recitation,[]
NSE531 recitation,[]
NSE588 recitation,[]
PAC139 recitation,[]
VMB674 recitation,[]
VMB711 recitation,[]
VMB714 recitation,[]
VMB717 recitation,[]
VMB736 recitation,[]
VMB750 recitation,[]
VMB753 recitation,[]
VMB759 recitation,[]
VMB760 recitation,[]
VMB761 recitation,[]
VMB795 recitation,[]
VMC719 recitation,[]
VMC729 recitation,[]
VMC732 recitation,[]
VMC734 recitation,[]
VMC735 recitation,[]
VMC770 recitation,[]
VMC773 recitation,[]
VMC776 recitation,[]
VMC783 recitation,[]
VMC785 recitation,[]
VMC791 recitation,[]
VMC793 recitation,[]
VMC796 recitation,[]
AS111 recitation,[]
AS211 recitation,[]
AS311 recitation,[]
AS411 recitation,[]
MS111 recitation,[]
NS111 recitation,[]
NS211 recitation,[]
ENSC479 recitation,[]
OAPI188 recitation,[]
OAPI288 recitation,[]
OAPI388 recitation,[]
OEEE188 recitation,[]
OEEE288 recitation,[]
OEEE388 recitation,[]
OEEE488 recitation,[]
OSAB188 recitation,[]
OSAB388 recitation,[]
OSAR488 recitation,[]
OSIT388 recitation,[]
H513 recitation,[]
H622 recitation,[]
HHS231 recitation,[]
HHS241 recitation,[]
HHS513 recitation,[]
KIN132 recitation,[]
KIN230 recitation,[]
KIN306 recitation,[]
KIN307 recitation,[]
KIN311 recitation,[]
KIN312 recitation,[]
KIN314 recitation,[]
KIN321 recitation,[]
KIN324 recitation,[]
KIN325 recitation,[]
KIN341 recitation,[]
KIN343 recitation,[]
KIN360 recitation,[]
KIN370 recitation,[]
KIN394 recitation,[]
KIN395 recitation,[]
KIN422 recitation,[]
KIN423 recitation,[]
KIN425 recitation,[]
KIN432 recitation,[]
KIN434 recitation,[]
KIN437 recitation,[]
KIN444 recitation,[]
KIN475 recitation,[]
KIN483 recitation,[]
KIN510 recitation,[]
KIN547 recitation,[]
KIN567 recitation,[]
KIN586 recitation,[]
NUTR216 recitation,[]
NUTR225 recitation,[]
NUTR235 recitation,[]
NUTR240 recitation,[]
NUTR312 recitation,[]
NUTR325 recitation,[]
NUTR417 recitation,[]
NUTR430 recitation,[]
PAC102 recitation,[]
PAC108 recitation,[]
PAC110 recitation,[]
PAC111 recitation,[]
PAC114 recitation,[]
PAC117 recitation,[]
PAC120 recitation,[]
PAC121 recitation,[]
PAC122 recitation,[]
PAC123 recitation,[]
PAC126 recitation,[]
PAC129 recitation,[]
PAC130 recitation,[]
PAC136 recitation,[]
PAC140 recitation,[]
PAC145 recitation,[]
PAC148 recitation,[]
PAC151 recitation,[]
PAC178 recitation,[]
PAC184 recitation,[]
PAC188 recitation,[]
PAC190 recitation,[]
PAC194 recitation,[]
PAC201 recitation,[]
PAC212 recitation,[]
PAC215 recitation,[]
PAC231 recitation,[]
PAC233 recitation,[]
PAC248 recitation,[]
PAC250 recitation,[]
PAC252 recitation,[]
PAC253 recitation,[]
PAC254 recitation,[]
PAC256 recitation,[]
PAC265 recitation,[]
PAC273 recitation,[]
PAC274 recitation,[]
PAC275 recitation,[]
PAC278 recitation,[]
PAC286 recitation,[]
PAC287 recitation,[]
PAC292 recitation,[]
PAC294 recitation,[]
PAC295 recitation,[]
PAC296 recitation,[]
PAC298 recitation,[]
PAC300 recitation,[]
PAC301 recitation,[]
PAC316 recitation,[]
PAC322 recitation,[]
H100 recitation,[]
H210 recitation,[]
H220 recitation,[]
H225 recitation,[]
H312 recitation,[]
H319 recitation,[]
H320 recitation,[]
H333 recitation,[]
H344 recitation,[]
H385 recitation,[]
H425 recitation,[]
H432 recitation,[]
H434 recitation,[]
H457 recitation,[]
H476 recitation,[]
H512 recitation,[]
H518 recitation,[]
H524 recitation,[]
H560 recitation,[]
H562 recitation,[]
H576 recitation,[]
H581 recitation,[]
H598 recitation,[]
HDFS107 recitation,[]
HDFS201 recitation,[]
HDFS240 recitation,[]
HDFS311 recitation,[]
HDFS312 recitation,[]
HDFS313 recitation,[]
HDFS314 recitation,[]
HDFS330 recitation,[]
HDFS341 recitation,[]
HDFS360 recitation,[]
HDFS361 recitation,[]
HDFS431 recitation,[]
HDFS432 recitation,[]
HDFS444 recitation,[]
HDFS447 recitation,[]
HDFS461 recitation,[]
HDFS462 recitation,[]
HDFS501 recitation,[]
HDFS630 recitation,[]
KIN409 recitation,[]
KIN481 recitation,[]
ANS121H recitation,[]
BB314H recitation,[]
BA160H recitation,['F 9-9:50a']
BA211H recitation,[]
BA281H recitation,[]
BA375H recitation,[]
CH231H recitation,['T 1-1:50p', 'T 2-2:50p']
CH361H recitation,[]
ENGR211H recitation,['F 10-11:50a']
HC299 recitation,[]
BI211H recitation,[]
MTH251H recitation,[]
MTH252H recitation,[]
MTH254H recitation,[]
HHS231H recitation,[]
PAC293H recitation,[]
CBEE101H recitation,[]
CBEE211H recitation,['W 12-12:50p']
HST390H recitation,[]
PHL443H recitation,[]
ME382H recitation,[]
MIME101H recitation,[]
ENG201H recitation,[]
WR121H recitation,[]
AED553 lab,[]
AED555 lab,[]
AED557 lab,[]
AG111 lab,[]
AG199 lab,[]
AG301 lab,[]
AG391 lab,[]
AG421 lab,[]
AG435 lab,[]
AG499 lab,[]
LEAD342 lab,[]
LEAD443 lab,[]
ANS121 lab,['T 12-12:50p; T 1-1:50p', 'T 2-2:50p; T 3-3:50p', 'W 10-10:50a; W 11-11:50a', 'W 12-12:50p', 'W 2-2:50p; W 3-3:50p', 'T 9-9:50a; T 10-10:50a']
ANS220 lab,['M 1-2:50p', 'W 1-2:50p']
ANS311 lab,[]
ANS315 lab,[]
ANS327 lab,[]
ANS341 lab,[]
ANS378 lab,[]
ANS380 lab,[]
ANS420 lab,[]
ANS434 lab,[]
ANS435 lab,[]
ANS439 lab,[]
ANS445 lab,['W 1-2:50p', 'W 3-4:50p']
ANS599 lab,[]
RNG121 lab,['R 4-4:50p', 'R 2-2:50p', 'R 3-3:50p']
RNG341 lab,[]
RNG353 lab,[]
RNG355 lab,['W 2-3:50p']
RNG421 lab,[]
AEC121 lab,[]
AEC250 lab,[]
AEC251 lab,[]
AEC351 lab,[]
AEC352 lab,[]
AEC388 lab,[]
AEC460 lab,[]
AEC465 lab,['R 2-3:50p']
AEC512 lab,[]
AEC525 lab,[]
BRR100 lab,[]
BOT220 lab,['W 1-3:50p', 'M 1-3:50p']
BOT324 lab,[]
BOT341 lab,[]
BOT350 lab,['T 9-10:50a', 'T 11a-12:50p', 'T 2-3:50p']
BOT461 lab,['MW 1-3:50p']
BOT550 lab,['T 4-5:50p']
CROP200 lab,[]
CROP300 lab,[]
CROP310 lab,[]
CROP330 lab,[]
CROP440 lab,[]
CROP460 lab,[]
CSS205 lab,[]
CSS305 lab,[]
CSS306 lab,[]
SOIL205 lab,[]
SOIL206 lab,['M 1-3:30p', 'T 9-11:50a', 'T 1-3:30p', 'W 1-3:30p', 'R 9-11:50a']
SOIL316 lab,['W 1-3:50p']
SOIL388 lab,[]
SOIL395 lab,[]
SOIL466 lab,[]
SUS102 lab,['M 1-3:50p', 'M 1-3:50p', 'T 1-3:50p', 'T 1-3:50p', 'T 4-6:50p; S 10a-1p', 'W 1-3:50p', 'W 1-3:50p', 'W 4-6:50p; S 10a-1p', 'R 1-3:50p', 'R 1-3:50p']
SUS103 lab,['T 11a-1:50p', 'T 2-4:50p', 'W 11a-1:50p', 'R 11a-1:50p', 'R 2-4:50p', 'F 11a-1:50p']
SUS304 lab,[]
SUS350 lab,[]
SUS420 lab,[]
ENT300 lab,[]
ENT311 lab,[]
ENT322 lab,[]
ENT331 lab,[]
TOX360 lab,[]
TOX530 lab,[]
FW251 lab,[]
FW255 lab,['W 12-3:50p', 'R 12-3:50p']
FW289 lab,[]
FW302 lab,[]
FW303 lab,[]
FW311 lab,[]
FW312 lab,['R 8-11:50a']
FW315 lab,[]
FW316 lab,['TR 1-2:50p']
FW317 lab,[]
FW320 lab,[]
FW321 lab,[]
FW323 lab,[]
FW325 lab,[]
FW328 lab,[]
FW340 lab,[]
FW341 lab,[]
FW350 lab,[]
FW360 lab,[]
FW370 lab,[]
FW426 lab,[]
FW435 lab,[]
FW439 lab,[]
FW451 lab,[]
FW452 lab,[]
FW454 lab,['F 10-11:50a']
FW458 lab,[]
FW464 lab,[]
FW475 lab,[]
FW479 lab,[]
FW488 lab,[]
FW497 lab,[]
FW523 lab,[]
FW551 lab,[]
FW558 lab,[]
FW575 lab,[]
FW579 lab,[]
FW583 lab,[]
FW597 lab,[]
FW599 lab,['M 1-2:20p']
FW620 lab,[]
FST101 lab,[]
FST251 lab,[]
FST385 lab,[]
FST407 lab,[]
FST422 lab,['T 8:30-10:50a', 'T 11:30a-1:50p']
FST460 lab,[]
FST499 lab,[]
FST522 lab,['T 8:30-10:50a', 'T 11:30a-1:50p']
HORT112 lab,['F 1-3:50p']
HORT217 lab,[]
HORT226 lab,[]
HORT251 lab,['T 3-3:50p; R 2-3:50p']
HORT300 lab,[]
HORT301 lab,[]
HORT314 lab,['M 2-4:50p']
HORT316 lab,[]
HORT318 lab,[]
HORT330 lab,[]
HORT331 lab,[]
HORT350 lab,[]
HORT380 lab,[]
HORT410 lab,[]
HORT452 lab,['TR 8-9:50a']
HORT463 lab,[]
ACTG317 lab,[]
ACTG378 lab,[]
ACTG417 lab,[]
ACTG420 lab,[]
ACTG424 lab,[]
BA101 lab,[]
BA140 lab,[]
BA160 lab,[]
BA211 lab,[]
BA213 lab,[]
BA223 lab,[]
BA230 lab,[]
BA240 lab,[]
BA253 lab,[]
BA260 lab,[]
BA270 lab,[]
BA272 lab,[]
BA275 lab,[]
BA280 lab,[]
BA281 lab,[]
BA282 lab,[]
BA290 lab,[]
BA311 lab,[]
BA314 lab,[]
BA315 lab,[]
BA330 lab,[]
BA333 lab,[]
BA347 lab,[]
BA351 lab,[]
BA352 lab,[]
BA354 lab,[]
BA357 lab,[]
BA360 lab,[]
BA362 lab,[]
BA365 lab,[]
BA370 lab,[]
BA375 lab,[]
BA376 lab,[]
BA381 lab,[]
BA390 lab,[]
BA405 lab,[]
BA406 lab,[]
BA407 lab,[]
BA451 lab,[]
BA460 lab,[]
BA464 lab,[]
BA466 lab,[]
BA516 lab,[]
BA528 lab,[]
BA540 lab,[]
BA550 lab,[]
BA551 lab,[]
BA555 lab,[]
BA562 lab,[]
BA569 lab,[]
BA573 lab,[]
BA590 lab,[]
DSGN121 lab,[]
DSGN226 lab,[]
DSGN244 lab,[]
DSGN255 lab,[]
DSGN276 lab,[]
DSGN281 lab,[]
DSGN282 lab,[]
DSGN287 lab,[]
DSGN330 lab,[]
DSGN333 lab,[]
DSGN341 lab,[]
DSGN427 lab,[]
DSGN428 lab,[]
DSGN464 lab,[]
DSGN472 lab,[]
DSGN475 lab,[]
FIN340 lab,[]
FIN342 lab,[]
FIN441 lab,[]
FIN443 lab,[]
FIN444 lab,[]
FIN445 lab,[]
FIN499 lab,[]
HM101 lab,[]
MGMT364 lab,[]
MGMT448 lab,[]
MGMT453 lab,[]
MRKT390 lab,[]
MRKT396 lab,[]
MRKT484 lab,[]
MRKT486 lab,[]
MRKT489 lab,[]
MRKT492 lab,[]
MRKT493 lab,[]
MRKT495 lab,[]
AHE553 lab,[]
AHE611 lab,[]
AHE643 lab,[]
COUN441 lab,[]
COUN533 lab,[]
COUN550 lab,[]
COUN562 lab,[]
COUN662 lab,[]
ED219 lab,[]
ED253 lab,[]
ED411 lab,[]
ED420 lab,[]
ED472 lab,[]
ED476 lab,[]
ED479 lab,[]
ED483 lab,[]
ED510 lab,[]
ED520 lab,[]
ED551 lab,[]
ED566 lab,[]
ED572 lab,[]
FES240 lab,['T 1-4:50p', 'R 1-4:50p']
FES241 lab,['T 1-3:20p']
FES341 lab,[]
FES342 lab,[]
FES350 lab,[]
FES355 lab,[]
FES430 lab,[]
FES435 lab,[]
FES444 lab,[]
FES445 lab,[]
FES452 lab,[]
FES455 lab,[]
FES555 lab,[]
NR201 lab,[]
NR202 lab,[]
NR312 lab,[]
NR455 lab,[]
SNR511 lab,[]
SNR521 lab,[]
SNR540 lab,[]
TRAL130 lab,[]
TRAL251 lab,[]
TRAL352 lab,[]
TRAL353 lab,[]
TRAL357 lab,[]
TRAL375 lab,[]
TRAL493 lab,[]
FE208 lab,['M 12-12:50p; M 1-3:50p', 'T 12-12:50p; T 1-3:50p', 'W 12-12:50p; W 1-3:50p', 'R 12-12:50p; R 1-3:50p']
FE257 lab,[]
FE370 lab,['W 1-4:50p']
FE430 lab,[]
FE434 lab,['M 1-3:50p', 'R 9-11:50a', 'M 5-7:50p']
FE457 lab,['R 5-7:50p', 'F 2-4:50p']
FE460 lab,[]
FE532 lab,[]
FOR111 lab,['W 2-4:50p', 'F 2-4:50p']
FOR321 lab,['T 12-4:50p', 'R 12-4:50p']
FOR413 lab,['M 1-3:50p', 'R 1-3:50p']
FOR436 lab,['W 1-3:50p']
FOR457 lab,['R 5-7:50p', 'F 2-4:50p']
FOR462 lab,[]
FOR562 lab,[]
FOR599 lab,[]
WSE210 lab,[]
WSE266 lab,[]
WSE320 lab,['F 10a-12:50p']
WSE321 lab,['W 2-4:50p']
WSE392 lab,[]
WSE461 lab,[]
PHAR210 lab,[]
PHAR714 lab,[]
PHAR720 lab,['M 12-2:50p', 'T 12-2:50p', 'W 12-2:50p', 'R 12-2:50p']
PHAR729 lab,[]
PHAR735 lab,[]
PHAR738 lab,[]
PHAR740 lab,['M 9-11:50a', 'T 9-11:50a', 'W 9-11:50a', 'R 9-11:50a']
PHAR752 lab,[]
PHAR761 lab,[]
PHAR764 lab,[]
PHAR770 lab,[]
AMS311 lab,[]
EAH411 lab,[]
ART100 lab,[]
ART101 lab,[]
ART115 lab,[]
ART117 lab,[]
ART121 lab,[]
ART131 lab,[]
ART199 lab,[]
ART204 lab,[]
ART205 lab,[]
ART234 lab,[]
ART263 lab,[]
ART264 lab,[]
ART271 lab,[]
ART281 lab,[]
ART320 lab,[]
ART322 lab,[]
ART339 lab,[]
ART340 lab,['TR 2-4:50p']
ART345 lab,[]
ART347 lab,[]
ART367 lab,[]
ART379 lab,[]
ART399 lab,[]
ART432 lab,[]
ART444 lab,[]
ART462 lab,[]
ART481 lab,[]
COMM111 lab,[]
COMM114 lab,[]
COMM211 lab,[]
COMM218 lab,[]
COMM312 lab,[]
COMM316 lab,[]
COMM320 lab,[]
COMM321 lab,[]
COMM322 lab,[]
COMM324 lab,[]
COMM326 lab,[]
COMM328 lab,[]
COMM372 lab,[]
COMM380 lab,[]
COMM385 lab,[]
COMM399 lab,[]
COMM414 lab,[]
COMM422 lab,[]
COMM425 lab,[]
COMM437 lab,[]
COMM440 lab,[]
COMM458 lab,[]
COMM540 lab,[]
GD200 lab,[]
GD226 lab,[]
GD326 lab,[]
GD328 lab,[]
GD424 lab,[]
GD426 lab,[]
MUED277 lab,[]
MUP193 lab,[]
MUS101 lab,[]
MUS102 lab,[]
MUS111 lab,[]
MUS121 lab,[]
MUS171 lab,[]
MUS221 lab,[]
MUS234 lab,[]
MUS271 lab,[]
MUS315 lab,[]
MUS324 lab,[]
MUS371 lab,[]
MUS399 lab,[]
MUS442 lab,[]
NMC100 lab,[]
NMC101 lab,[]
NMC255 lab,[]
NMC301 lab,[]
NMC302 lab,[]
NMC306 lab,[]
NMC311 lab,[]
NMC321 lab,[]
NMC322 lab,[]
NMC330 lab,[]
NMC351 lab,[]
NMC380 lab,[]
NMC399 lab,[]
NMC409 lab,[]
NMC418 lab,[]
NMC419 lab,[]
NMC421 lab,[]
NMC440 lab,[]
NMC481 lab,[]
NMC484 lab,[]
NMC498 lab,[]
NMC499 lab,[]
TA147 lab,[]
TA242 lab,[]
TA244 lab,['R 3-4:50p', 'T 3-4:50p']
TA247 lab,[]
TA330 lab,[]
TA351 lab,[]
HST101 lab,[]
HST102 lab,[]
HST103 lab,[]
HST104 lab,[]
HST105 lab,[]
HST106 lab,[]
HST201 lab,[]
HST202 lab,[]
HST203 lab,[]
HST210 lab,[]
HST310 lab,[]
HST317 lab,[]
HST318 lab,[]
HST321 lab,[]
HST322 lab,[]
HST325 lab,[]
HST328 lab,[]
HST340 lab,[]
HST348 lab,[]
HST350 lab,[]
HST362 lab,[]
HST369 lab,[]
HST387 lab,[]
HST391 lab,[]
HST399 lab,[]
HST407 lab,[]
HST416 lab,[]
HST425 lab,[]
HST470 lab,[]
HST481 lab,[]
HSTS417 lab,[]
HSTS419 lab,[]
HSTS451 lab,[]
PHL121 lab,[]
PHL150 lab,[]
PHL160 lab,[]
PHL201 lab,[]
PHL205 lab,[]
PHL207 lab,[]
PHL208 lab,[]
PHL210 lab,[]
PHL251 lab,[]
PHL301 lab,[]
PHL316 lab,[]
PHL407 lab,[]
PHL443 lab,[]
PHL444 lab,[]
PHL543 lab,[]
REL160 lab,[]
REL208 lab,[]
REL210 lab,[]
REL378 lab,[]
REL415 lab,[]
REL443 lab,[]
ANTH101 lab,[]
ANTH110 lab,[]
ANTH210 lab,[]
ANTH230 lab,[]
ANTH251 lab,[]
ANTH261 lab,[]
ANTH284 lab,[]
ANTH311 lab,[]
ANTH313 lab,[]
ANTH330 lab,[]
ANTH332 lab,[]
ANTH345 lab,[]
ANTH350 lab,[]
ANTH352 lab,[]
ANTH361 lab,[]
ANTH370 lab,[]
ANTH374 lab,[]
ANTH380 lab,[]
ANTH383 lab,[]
ANTH433 lab,[]
ANTH449 lab,[]
ANTH475 lab,[]
ANTH477 lab,[]
ANTH478 lab,[]
ANTH490 lab,[]
ASL111 lab,[]
ASL211 lab,[]
CHN111 lab,[]
CHN211 lab,[]
CHN311 lab,[]
CSSA548 lab,[]
CSSA574 lab,[]
CSSA599 lab,[]
ES101 lab,[]
ES223 lab,[]
ES231 lab,[]
ES241 lab,[]
ES243 lab,[]
ES260 lab,[]
ES351 lab,[]
FCSJ261 lab,[]
FCSJ454 lab,[]
FR111 lab,[]
FR211 lab,[]
FR311 lab,[]
FR340 lab,[]
GER111 lab,[]
GER211 lab,[]
GER311 lab,[]
GER411 lab,[]
IT111 lab,[]
IT211 lab,[]
JPN111 lab,[]
JPN211 lab,[]
JPN311 lab,[]
KOR111 lab,[]
KOR211 lab,[]
QS262 lab,[]
SPAN111 lab,[]
SPAN112 lab,[]
SPAN211 lab,[]
SPAN311 lab,[]
SPAN314 lab,[]
SPAN317 lab,[]
SPAN318 lab,[]
SPAN327 lab,[]
SPAN331 lab,[]
SPAN336 lab,[]
SPAN438 lab,[]
WGSS223 lab,[]
WGSS224 lab,[]
WGSS230 lab,[]
WGSS240 lab,[]
WGSS262 lab,[]
WGSS280 lab,[]
WGSS325 lab,[]
WGSS340 lab,[]
WGSS360 lab,[]
WGSS414 lab,[]
WGSS440 lab,[]
WLC231 lab,[]
WLC320 lab,[]
WLC331 lab,[]
WLC335 lab,[]
PSY201 lab,[]
PSY202 lab,[]
PSY301 lab,[]
PSY330 lab,[]
PSY340 lab,[]
PSY350 lab,[]
PSY360 lab,[]
PSY370 lab,[]
PSY381 lab,[]
PSY399 lab,[]
PSY426 lab,[]
PSY433 lab,[]
PSY437 lab,[]
PSY440 lab,[]
PSY442 lab,[]
PSY444 lab,[]
PSY456 lab,[]
PSY460 lab,[]
PSY468 lab,[]
PSY480 lab,[]
PSY482 lab,[]
PSY485 lab,[]
PSY493 lab,[]
PSY496 lab,[]
PSY499 lab,[]
PSY561 lab,[]
ECON201 lab,[]
ECON202 lab,[]
ECON311 lab,[]
ECON315 lab,[]
ECON330 lab,[]
ECON340 lab,[]
ECON352 lab,[]
ECON411 lab,[]
ECON423 lab,[]
ECON424 lab,[]
ECON428 lab,[]
ECON435 lab,[]
ECON439 lab,[]
ECON460 lab,[]
ECON491 lab,[]
ECON517 lab,[]
PPOL512 lab,[]
PPOL521 lab,[]
PPOL523 lab,[]
PPOL622 lab,['']
PS110 lab,[]
PS201 lab,[]
PS204 lab,[]
PS205 lab,[]
PS206 lab,[]
PS300 lab,[]
PS312 lab,[]
PS313 lab,[]
PS321 lab,[]
PS331 lab,[]
PS345 lab,[]
PS346 lab,[]
PS348 lab,[]
PS362 lab,[]
PS363 lab,[]
PS371 lab,[]
PS399 lab,[]
PS455 lab,[]
PS458 lab,[]
PS475 lab,[]
PS477 lab,[]
PS478 lab,[]
PS577 lab,[]
PS578 lab,[]
SOC204 lab,[]
SOC205 lab,[]
SOC206 lab,[]
SOC241 lab,[]
SOC312 lab,[]
SOC315 lab,[]
SOC340 lab,[]
SOC345 lab,[]
SOC350 lab,[]
SOC355 lab,[]
SOC360 lab,[]
SOC381 lab,[]
SOC413 lab,[]
SOC437 lab,[]
SOC439 lab,[]
SOC441 lab,[]
SOC442 lab,[]
SOC450 lab,[]
SOC452 lab,[]
SOC454 lab,[]
SOC480 lab,[]
SOC481 lab,[]
ENG104 lab,[]
ENG106 lab,[]
ENG107 lab,[]
ENG200 lab,[]
ENG201 lab,[]
ENG204 lab,[]
ENG210 lab,[]
ENG211 lab,[]
ENG213 lab,[]
ENG222 lab,[]
ENG253 lab,[]
ENG275 lab,[]
ENG319 lab,[]
ENG320 lab,[]
ENG330 lab,[]
ENG362 lab,[]
ENG375 lab,[]
ENG386 lab,[]
ENG418 lab,[]
ENG425 lab,[]
FILM245 lab,[]
FILM445 lab,[]
WR121 lab,[]
WR201 lab,[]
WR214 lab,[]
WR222 lab,[]
WR224 lab,[]
WR230 lab,[]
WR240 lab,[]
WR241 lab,[]
WR303 lab,[]
WR323 lab,[]
WR324 lab,[]
WR327 lab,[]
WR362 lab,[]
WR407 lab,[]
WR411 lab,[]
WR448 lab,[]
WR449 lab,[]
WR497 lab,[]
BB314 lab,[]
BB317 lab,[]
BB332 lab,[]
BB350 lab,[]
BB450 lab,[]
BB451 lab,[]
BB481 lab,[]
BB490 lab,[]
BB493 lab,['MW 2-4:50p']
BB497 lab,[]
BOT325 lab,[]
CH101 lab,[]
CH110 lab,[]
CH121 lab,[]
CH122 lab,[]
CH123 lab,[]
CH201 lab,[]
CH231 lab,[]
CH233 lab,[]
CH261 lab,['M 12-2:50p', 'M 12-2:50p', 'M 12-2:50p', 'M 12-2:50p', 'M 3-5:50p', 'M 3-5:50p', 'M 3-5:50p', 'M 3-5:50p', 'T 9-11:50a', 'T 9-11:50a', 'T 9-11:50a', 'T 9-11:50a', 'T 12-2:50p', 'T 12-2:50p', 'T 12-2:50p', 'T 3-5:50p', 'T 3-5:50p', 'T 3-5:50p', 'W 9-11:50a', 'W 9-11:50a', 'W 9-11:50a', 'W 12-2:50p', 'W 12-2:50p', 'W 12-2:50p', 'W 3-5:50p', 'W 3-5:50p', 'W 3-5:50p', 'W 6-8:50p', 'W 6-8:50p', 'W 6-8:50p', 'R 9-11:50a', 'R 9-11:50a', 'R 9-11:50a', 'R 12-2:50p', 'R 12-2:50p', 'R 3-5:50p', 'R 3-5:50p', 'F 9-11:50a', 'F 9-11:50a', 'F 9-11:50a', 'F 12-2:50p', 'F 12-2:50p', 'F 12-2:50p', 'F 12-2:50p', 'F 3-5:50p', 'F 3-5:50p', 'F 3-5:50p', 'F 3-5:50p', 'F 9-11:50a']
CH263 lab,['W 12-2:50p', 'W 3-5:50p', 'W 6-8:50p', 'W 9-11:50a', 'R 12-2:50p', 'R 3-5:50p']
CH271 lab,['T 12-2:50p', 'R 3-5:50p']
CH324 lab,['TR 12:30-4:50p', 'TR 8a-12:20p', 'TR 12:30-4:50p', 'TR 8a-12:20p']
CH331 lab,[]
CH334 lab,[]
CH337 lab,['T 8-11:50a', 'T 1-4:50p']
CH361 lab,['TR 8-11:20a', 'TR 1-4:20p', 'WF 12-3:20p']
CH411 lab,[]
CH421 lab,[]
CH440 lab,[]
CH461 lab,['TR 1:30-3:50p', 'WF 12-2:50p']
CH511 lab,[]
CH535 lab,[]
CH607 lab,[]
CH616 lab,[]
CH630 lab,[]
GS399 lab,[]
BI101 lab,['T 12-1:50p; R 12-12:50p', 'T 2-3:50p; R 2-2:50p', 'T 4-5:50p; R 4-4:50p', 'W 10-11:50a; F 10-10:50a', 'W 12-1:50p; F 12-12:50p', 'T 12-12:50p; R 12-1:50p', 'T 2-2:50p; R 2-3:50p', 'W 12-12:50p; F 12-1:50p']
BI204 lab,[]
BI206 lab,[]
BI211 lab,[]
BI231 lab,[]
BI241 lab,['T 8-9:50a', 'T 10-11:50a', 'T 12:30-2:20p', 'T 2:30-4:20p', 'T 5-6:50p', 'W 10-11:50a', 'W 12-1:50p', 'W 2:30-4:20p', 'W 4:30-6:20p', 'R 8-9:50a', 'R 10-11:50a', 'R 12:30-2:20p', 'R 2:30-4:20p', 'F 10-11:50a', 'F 12-1:50p']
BI311 lab,[]
BI319 lab,[]
BI331 lab,[]
BI341 lab,['T 10:30a-1:20p', 'T 2-4:50p', 'T 5:30-8:20p', 'W 8-10:50a', 'W 11:30a-2:20p', 'W 3-5:50p', 'R 10:30a-1:20p', 'R 2-4:50p', 'R 5:30-8:20p', 'F 9-11:50a', 'F 1-3:50p']
BI347 lab,[]
BI351 lab,[]
BI370 lab,[]
BI445 lab,[]
Z349 lab,[]
Z371 lab,[]
Z372 lab,['R 1:30-5:20p', 'R 9a-12:50p', 'T 1:30-5:20p', 'W 1:30-5:20p']
Z422 lab,['M 2-4:50p', 'W 2-4:50p']
Z423 lab,[]
Z425 lab,['R 8-11:50a', 'R 1-4:50p']
MTH065 lab,[]
MTH103 lab,[]
MTH105 lab,[]
MTH111 lab,[]
MTH112 lab,[]
MTH211 lab,[]
MTH228 lab,[]
MTH231 lab,[]
MTH241 lab,[]
MTH245 lab,[]
MTH251 lab,[]
MTH252 lab,[]
MTH254 lab,[]
MTH255 lab,[]
MTH256 lab,[]
MTH306 lab,[]
MTH311 lab,[]
MTH321 lab,[]
MTH338 lab,[]
MTH341 lab,[]
MTH342 lab,[]
MTH343 lab,[]
MTH351 lab,[]
MTH355 lab,[]
MTH361 lab,[]
MTH390 lab,[]
MTH427 lab,[]
MTH440 lab,[]
MTH451 lab,[]
MTH463 lab,[]
MTH481 lab,[]
MTH511 lab,[]
MTH543 lab,[]
MTH551 lab,[]
MTH581 lab,[]
MTH621 lab,[]
MTH654 lab,[]
MB230 lab,['M 10-11:50a', 'T 9-10:50a', 'W 10-11:50a']
MB302 lab,[]
MB303 lab,['M 1-4:50p', 'T 1-4:50p', 'R 1-4:50p']
MB416 lab,[]
MB417 lab,['W 1-4:50p']
MB420 lab,[]
PH104 lab,['T 8-9:50a', 'T 10-11:50a', 'T 4-5:50p', 'R 4-5:50p', 'R 8-9:50a', 'R 10-11:50a', 'T 2-3:50p', 'R 2-3:50p']
PH201 lab,['T 6-7:50p', 'W 10-11:50a', 'T 8-9:50a', 'T 10-11:50a', 'T 12-1:50p', 'T 2-3:50p', 'T 4-5:50p', 'R 4-5:50p', 'R 6-7:50p', 'R 8-9:50a', 'R 10-11:50a', 'R 12-1:50p', 'R 2-3:50p', 'F 2-3:50p', 'F 4-5:50p', 'F 12-1:50p', 'F 6-7:50p', 'W 12-1:50p', 'W 2-3:50p', 'W 4-5:50p']
PH205 lab,[]
PH211 lab,['T 12-2:50p', 'T 9-11:50a', 'T 3-5:50p', 'T 6-8:50p', 'W 9-11:50a', 'W 3-5:50p', 'R 9-11:50a', 'R 12-2:50p', 'R 3-5:50p', 'R 6-8:50p', 'M 6-8:50p', 'M 3-5:50p', 'F 3-5:50p', 'F 12-2:50p', 'F 9-11:50a']
PH212 lab,['R 12-1:50p', 'R 2-3:50p', 'R 4-5:50p', 'R 6-7:50p', 'F 8-9:50a', 'F 10-11:50a', 'R 10-11:50a', 'F 2-3:50p', 'F 4-5:50p', 'F 6-7:50p', 'M 8-9:50a', 'M 10-11:50a', 'M 12-1:50p', 'F 12-1:50p', 'M 2-3:50p', 'M 4-5:50p', 'M 6-7:50p', 'T 10-11:50a', 'T 12-1:50p', 'T 2-3:50p']
PH213 lab,['M 6-8:50p', 'T 9-11:50a', 'T 12-2:50p', 'T 3-5:50p', 'T 6-8:50p', 'M 12-2:50p', 'M 3-5:50p']
PH313 lab,[]
PH332 lab,[]
PH403 lab,[]
PH411 lab,['TR 9-11:50a', 'TR 9-11:50a']
PH423 lab,[]
PH425 lab,[]
PH431 lab,[]
PH562 lab,[]
PH631 lab,[]
PH651 lab,[]
ST201 lab,[]
ST202 lab,[]
ST314 lab,[]
ST351 lab,['W 2-3:20p', 'W 3:30-4:50p', 'W 5-6:20p', 'R 8-9:20a', 'R 9:30-10:50a', 'R 11a-12:20p', 'R 12:30-1:50p', 'R 2-3:20p', 'R 3:30-4:50p', 'R 5-6:20p', 'R 6:30-7:50p', 'W 6:30-7:50p', 'R 8-9:20p', 'W 8-9:20p']
ST352 lab,['M 3-4:20p', 'T 9-10:20a', 'T 5-6:20p', 'T 6:30-7:50p']
ST411 lab,['M 12-12:50p', 'M 2-2:50p', 'M 5-5:50p', 'T 11-11:50a', 'T 1-1:50p', 'T 4-4:50p']
ST421 lab,[]
ST506 lab,[]
ST511 lab,['M 12-12:50p', 'M 2-2:50p', 'M 5-5:50p', 'T 11-11:50a', 'T 1-1:50p', 'T 4-4:50p']
ST516 lab,[]
ST521 lab,[]
ST525 lab,[]
ST531 lab,[]
ST541 lab,['F 3-3:50p']
ST551 lab,['W 4-4:50p']
ST558 lab,[]
ST561 lab,[]
ST591 lab,[]
ST623 lab,[]
GRAD420 lab,[]
GRAD542 lab,[]
GRAD560 lab,[]
WRP521 lab,[]
MCB699 lab,[]
ALS108 lab,[]
ALS114 lab,[]
ALS116 lab,[]
ALS140 lab,[]
ALS141 lab,[]
ALS150 lab,[]
ALS151 lab,[]
ALS161 lab,[]
ALS162 lab,[]
ALS165 lab,[]
ALS166 lab,[]
ALS173 lab,[]
ALS174 lab,[]
ALS199 lab,[]
UEXP399 lab,[]
GEO101 lab,['M 2-3:50p', 'W 10-11:50a', 'W 2-3:50p', 'R 10-11:50a', 'T 10-11:50a', 'M 4-5:50p', 'T 4-5:50p', 'F 10-11:50a']
GEO201 lab,['M 2-3:50p; S 9a-3:50p', 'T 10-11:50a; S 9a-3:50p', 'R 9-10:50a; S 9a-3:50p', 'R 11a-12:50p; S 9a-3:50p']
GEO221 lab,[]
GEO295 lab,[]
GEO305 lab,[]
GEO306 lab,[]
GEO307 lab,[]
GEO308 lab,[]
GEO310 lab,['TR 1-2:50p', 'TR 3-4:50p']
GEO322 lab,['M 2-3:50p', 'T 1-2:50p']
GEO380 lab,[]
GEO481 lab,['T 11a-12:50p']
GEO487 lab,['M 4-5:50p', 'W 4-5:50p']
GEOG100 lab,[]
GEOG102 lab,[]
GEOG105 lab,[]
GEOG106 lab,[]
GEOG201 lab,['F 10-11:50a', 'F 2-3:50p', 'M 10-11:50a']
GEOG203 lab,[]
GEOG240 lab,[]
GEOG300 lab,[]
GEOG313 lab,[]
GEOG323 lab,['W 2-3:50p']
GEOG331 lab,[]
GEOG340 lab,[]
GEOG350 lab,[]
GEOG360 lab,['R 4-5:50p', 'F 8-9:50a', 'F 12-1:50p']
GEOG370 lab,[]
GEOG450 lab,[]
GEOG480 lab,[]
GEOG560 lab,['W 2-3:50p', 'R 12-1:50p']
GEOG564 lab,[]
GEOG580 lab,['T 12-1:50p']
ATS201 lab,['R 3-4:50p', 'F 12-1:50p', 'F 2-3:50p']
ATS301 lab,['R 10-11:50a']
ATS310 lab,['T 10-11:50a']
OC103 lab,[]
OC201 lab,['R 8-9:50a', 'R 10-11:50a', 'R 12-1:50p', 'R 2-3:50p', 'F 12-1:50p']
OC333 lab,[]
OC430 lab,['F 3-3:50p']
OC434 lab,[]
OC512 lab,[]
OEAS540 lab,['W 3-4:50p']
BEE101 lab,[]
BEE311 lab,[]
BEE320 lab,[]
BEE469 lab,[]
BEE472 lab,[]
BEE512 lab,[]
BEE542 lab,[]
ENGR101 lab,[]
ENGR111 lab,[]
ENGR112 lab,[]
ENGR201 lab,['F 12-1:50p', 'F 2-3:50p', 'R 12-1:50p', 'W 12-1:50p', 'F 10-11:50a', 'R 2-3:50p', 'M 4-5:50p', 'T 12-1:50p', 'W 2-3:50p', 'W 10-11:50a', 'T 2-3:50p']
ENGR203 lab,[]
ENGR211 lab,[]
ENGR212 lab,[]
ENGR213 lab,[]
ENGR248 lab,['M 2-3:50p', 'M 4-5:50p', 'W 2-3:50p', 'W 4-5:50p']
ENGR350 lab,[]
ENGR390 lab,[]
ENGR391 lab,[]
BIOE491 lab,[]
CBEE101 lab,[]
CBEE211 lab,[]
CBEE320 lab,[]
CBEE414 lab,['M 1-3:50p', 'T 12-2:50p', 'T 3-5:50p', 'R 9-11:50a', 'R 12-2:50p', 'R 3-5:50p', 'F 12-2:50p', 'W 9-11:50a', 'T 9-11:50a', 'W 1-3:50p']
CHE311 lab,[]
CHE320 lab,[]
CHE331 lab,[]
CHE411 lab,[]
CHE443 lab,[]
CHE445 lab,['T 7-8:50p']
CHE525 lab,[]
CHE551 lab,[]
CHE599 lab,[]
ENVE421 lab,['F 2-3:50p']
ENVE499 lab,[]
ENVE532 lab,[]
ENVE536 lab,['T 2-3:50p']
CCE101 lab,[]
CCE201 lab,[]
CCE321 lab,['W 4-5:50p', 'R 8-9:50a', 'R 2-3:50p', 'W 2-3:50p', 'R 10-11:50a', 'R 4-5:50p']
CE311 lab,[]
CE361 lab,['MF 3-4:50p', 'TR 12-1:50p', 'TR 9-10:50a', 'TR 3-4:50p']
CE373 lab,[]
CE381 lab,[]
CE383 lab,['T 2-3:50p']
CE412 lab,[]
CE420 lab,[]
CE481 lab,[]
CE491 lab,[]
CE520 lab,[]
CE531 lab,[]
CE534 lab,[]
CE566 lab,['MW 1-2:50p']
CE590 lab,[]
CE630 lab,[]
CE640 lab,[]
CEM342 lab,['W 8-9:50a', 'W 12-1:50p']
CEM343 lab,['F 8-9:50a', 'F 12-1:50p']
CEM383 lab,[]
CEM431 lab,[]
CEM442 lab,[]
CEM471 lab,[]
CS101 lab,[]
CS160 lab,[]
CS161 lab,[]
CS162 lab,['T 10-11:50a', 'T 2-3:50p', 'M 12-1:50p', 'M 2-3:50p', 'T 8-9:50a', 'T 12-1:50p', 'T 4-5:50p', 'F 10-11:50a', 'R 12-1:50p', 'R 2-3:50p']
CS165 lab,[]
CS175 lab,[]
CS225 lab,[]
CS261 lab,[]
CS271 lab,[]
CS290 lab,[]
CS321 lab,[]
CS325 lab,[]
CS340 lab,[]
CS344 lab,[]
CS352 lab,[]
CS361 lab,[]
CS370 lab,[]
CS372 lab,[]
CS391 lab,[]
CS419 lab,[]
CS444 lab,[]
CS450 lab,[]
CS461 lab,[]
CS466 lab,[]
CS468 lab,[]
CS472 lab,[]
CS491 lab,[]
CS493 lab,[]
CS506 lab,[]
CS515 lab,[]
CS519 lab,[]
CS534 lab,[]
CS550 lab,[]
CS568 lab,[]
CS578 lab,[]
CS581 lab,[]
ECE111 lab,[]
ECE271 lab,[]
ECE272 lab,['M 11a-1:50p', 'T 11a-1:50p', 'T 2-4:50p', 'R 11a-1:50p', 'R 2-4:50p']
ECE322 lab,[]
ECE351 lab,[]
ECE372 lab,[]
ECE375 lab,['F 4-5:50p', 'W 10-11:50a', 'W 12-1:50p', 'W 2-3:50p', 'W 4-5:50p', 'F 2-3:50p', 'F 12-1:50p']
ECE390 lab,[]
ECE416 lab,[]
ECE422 lab,[]
ECE433 lab,[]
ECE451 lab,[]
ECE461 lab,[]
ECE468 lab,[]
ECE472 lab,[]
ECE473 lab,['F 11a-1:50p', 'W 2-4:50p', 'F 2-4:50p', 'W 9-11:50a']
ECE499 lab,[]
ECE516 lab,[]
ECE522 lab,[]
ECE530 lab,[]
ECE550 lab,[]
ECE561 lab,[]
ECE565 lab,[]
ECE580 lab,[]
ECE599 lab,[]
ECE614 lab,[]
AAE412 lab,[]
ESE450 lab,[]
ESE470 lab,[]
ESE497 lab,[]
IE212 lab,[]
IE255 lab,[]
IE285 lab,[]
IE355 lab,['T 12-1:50p', 'R 10-11:50a', 'F 2-3:50p']
IE367 lab,[]
IE412 lab,['F 8-9:50a', 'F 10-11:50a', 'F 12-1:50p']
IE425 lab,[]
IE475 lab,[]
IE497 lab,[]
IE512 lab,['W 12-1:50p']
IE521 lab,[]
IE582 lab,[]
IE599 lab,[]
MATS321 lab,[]
MATS322 lab,['T 2-3:50p', 'T 4-5:50p', 'T 12-1:50p', 'T 10-11:50a']
MATS499 lab,[]
MATS570 lab,[]
MATS581 lab,[]
ME311 lab,[]
ME316 lab,[]
ME317 lab,[]
ME331 lab,[]
ME332 lab,[]
ME373 lab,[]
ME382 lab,['R 8-9:50a', 'R 10-11:50a', 'R 12-1:50p', 'R 2-3:50p']
ME383 lab,['T 12-1:50p', 'T 4-5:50p', 'W 8-9:50a', 'W 10-11:50a']
ME413 lab,[]
ME420 lab,[]
ME430 lab,[]
ME460 lab,[]
ME461 lab,[]
ME480 lab,[]
ME484 lab,[]
ME497 lab,[]
ME520 lab,[]
ME526 lab,[]
ME531 lab,[]
ME560 lab,[]
ME580 lab,[]
MFGE436 lab,['F 10-11:50a', 'F 12-1:50p', 'F 2-3:50p', 'F 8-9:50a', 'F 4-5:50p']
MFGE438 lab,[]
MFGE535 lab,[]
MFGE536 lab,['F 10-11:50a', 'F 12-1:50p', 'F 2-3:50p', 'F 8-9:50a', 'F 4-5:50p']
MIME101 lab,[]
ROB456 lab,[]
ROB514 lab,[]
ROB538 lab,[]
ROB599 lab,[]
NSE114 lab,[]
NSE234 lab,[]
NSE311 lab,[]
NSE415 lab,[]
NSE451 lab,[]
NSE455 lab,[]
NSE467 lab,[]
NSE481 lab,[]
NSE531 lab,[]
NSE588 lab,[]
PAC139 lab,[]
VMB674 lab,[]
VMB711 lab,['MWF 9-10:50a']
VMB714 lab,['TR 9-11:50a']
VMB717 lab,[]
VMB736 lab,[]
VMB750 lab,['R 9-10:50a']
VMB753 lab,[]
VMB759 lab,['M 2-3:50p']
VMB760 lab,['W 2-3:50p']
VMB761 lab,[]
VMB795 lab,[]
VMC719 lab,[]
VMC729 lab,[]
VMC732 lab,[]
VMC734 lab,[]
VMC735 lab,[]
VMC770 lab,[]
VMC773 lab,['R 1-3:50p']
VMC776 lab,[]
VMC783 lab,['W 1-4:50p']
VMC785 lab,['MT 12-1:50p; F 1-6:50p']
VMC791 lab,[]
VMC793 lab,[]
VMC796 lab,[]
AS111 lab,[]
AS211 lab,[]
AS311 lab,[]
AS411 lab,[]
MS111 lab,['R 3-4:50p']
NS111 lab,[]
NS211 lab,[]
ENSC479 lab,[]
OAPI188 lab,[]
OAPI288 lab,[]
OAPI388 lab,[]
OEEE188 lab,[]
OEEE288 lab,[]
OEEE388 lab,[]
OEEE488 lab,[]
OSAB188 lab,[]
OSAB388 lab,[]
OSAR488 lab,[]
OSIT388 lab,[]
H513 lab,[]
H622 lab,[]
HHS231 lab,[]
HHS241 lab,[]
HHS513 lab,[]
KIN132 lab,[]
KIN230 lab,[]
KIN306 lab,[]
KIN307 lab,[]
KIN311 lab,[]
KIN312 lab,[]
KIN314 lab,[]
KIN321 lab,[]
KIN324 lab,[]
KIN325 lab,['M 2-3:50p', 'R 10-11:50a', 'W 12-1:50p', 'T 4-6:50p']
KIN341 lab,[]
KIN343 lab,[]
KIN360 lab,[]
KIN370 lab,[]
KIN394 lab,['W 2-3:50p']
KIN395 lab,['F 1-2:50p']
KIN422 lab,[]
KIN423 lab,['TR 2-3:50p']
KIN425 lab,['R 2-3:50p', 'R 4-5:50p', 'R 6-7:50p', 'M 4-5:50p']
KIN432 lab,[]
KIN434 lab,[]
KIN437 lab,[]
KIN444 lab,['F 5-7:20p']
KIN475 lab,[]
KIN483 lab,[]
KIN510 lab,[]
KIN547 lab,[]
KIN567 lab,[]
KIN586 lab,['F 12-1:50p']
NUTR216 lab,[]
NUTR225 lab,[]
NUTR235 lab,['R 12-2:50p', 'W 12-2:50p']
NUTR240 lab,[]
NUTR312 lab,[]
NUTR325 lab,[]
NUTR417 lab,[]
NUTR430 lab,['T 12-1:50p', 'T 10-11:50a']
PAC102 lab,[]
PAC108 lab,[]
PAC110 lab,[]
PAC111 lab,[]
PAC114 lab,[]
PAC117 lab,[]
PAC120 lab,[]
PAC121 lab,[]
PAC122 lab,[]
PAC123 lab,[]
PAC126 lab,[]
PAC129 lab,[]
PAC130 lab,[]
PAC136 lab,[]
PAC140 lab,[]
PAC145 lab,[]
PAC148 lab,[]
PAC151 lab,[]
PAC178 lab,[]
PAC184 lab,[]
PAC188 lab,[]
PAC190 lab,[]
PAC194 lab,[]
PAC201 lab,[]
PAC212 lab,[]
PAC215 lab,[]
PAC231 lab,[]
PAC233 lab,[]
PAC248 lab,[]
PAC250 lab,[]
PAC252 lab,[]
PAC253 lab,[]
PAC254 lab,[]
PAC256 lab,[]
PAC265 lab,[]
PAC273 lab,[]
PAC274 lab,[]
PAC275 lab,[]
PAC278 lab,[]
PAC286 lab,[]
PAC287 lab,[]
PAC292 lab,[]
PAC294 lab,[]
PAC295 lab,[]
PAC296 lab,[]
PAC298 lab,[]
PAC300 lab,[]
PAC301 lab,[]
PAC316 lab,[]
PAC322 lab,[]
H100 lab,[]
H210 lab,[]
H220 lab,[]
H225 lab,[]
H312 lab,[]
H319 lab,[]
H320 lab,[]
H333 lab,[]
H344 lab,[]
H385 lab,[]
H425 lab,[]
H432 lab,[]
H434 lab,[]
H457 lab,[]
H476 lab,[]
H512 lab,[]
H518 lab,[]
H524 lab,[]
H560 lab,[]
H562 lab,[]
H576 lab,[]
H581 lab,['F 9-9:50a']
H598 lab,[]
HDFS107 lab,[]
HDFS201 lab,[]
HDFS240 lab,[]
HDFS311 lab,[]
HDFS312 lab,[]
HDFS313 lab,[]
HDFS314 lab,[]
HDFS330 lab,[]
HDFS341 lab,[]
HDFS360 lab,[]
HDFS361 lab,[]
HDFS431 lab,[]
HDFS432 lab,[]
HDFS444 lab,[]
HDFS447 lab,[]
HDFS461 lab,[]
HDFS462 lab,[]
HDFS501 lab,[]
HDFS630 lab,[]
KIN409 lab,[]
KIN481 lab,[]
ANS121H lab,[]
BB314H lab,[]
BA160H lab,[]
BA211H lab,[]
BA281H lab,[]
BA375H lab,[]
CH231H lab,[]
CH361H lab,['TR 8-11:20a', 'TR 1-4:20p', 'WF 12-3:20p']
ENGR211H lab,[]
HC299 lab,[]
BI211H lab,[]
MTH251H lab,[]
MTH252H lab,[]
MTH254H lab,[]
HHS231H lab,[]
PAC293H lab,[]
CBEE101H lab,[]
CBEE211H lab,[]
HST390H lab,[]
PHL443H lab,[]
ME382H lab,['F 10-11:50a']
MIME101H lab,[]
ENG201H lab,[]
WR121H lab,[]