AED553 lecture,"['T 9-11:50a']"
AED555 lecture,"['W 9-11:50a']"
AED557 lecture,"['M 9-11:50a']"
LEAD443 lecture,"['TR 2-3:20p']"
ANS121 lecture,"['MWF 8-8:50a', 'MWF 8-8:50a']"
ANS220 lecture,"['TR 3-3:50p']"
ANS311 lecture,"['MWF 1-1:50p']"
ANS341 lecture,"['TR 2-3:20p']"
ANS378 lecture,"['TR 10-11:50a']"
ANS420 lecture,"['MWF 1-1:50p']"
ANS435 lecture,"['TR 10-11:20a']"
RNG121 lecture,"['MWF 10-10:50a']"
RNG341 lecture,"['TR 8-9:20a']"
RNG355 lecture,"['MW 12-1:20p']"
AEC121 lecture,"['MW 8-8:50a']"
AEC251 lecture,"['TR 12-1:20p']"
AEC352 lecture,"['TR 12-1:20p']"
AEC465 lecture,"['TR 10-11:20a']"
AEC512 lecture,"['MTWR 10-11:50a']"
AEC525 lecture,"['TR 12-1:20p; F 1-1:50p']"
BRR100 lecture,"['MW 4-4:50p']"
BOT220 lecture,"['MWF 9-9:50a']"
BOT350 lecture,"['MWF 11-11:50a']"
BOT461 lecture,"['MW 9-9:50a']"
BOT550 lecture,"['MWF 11-11:50a']"
CROP200 lecture,"['MWF 9-9:50a']"
CROP300 lecture,"['MWF 8-8:50a']"
SOIL205 lecture,"['MWF 11-11:50a']"
SOIL316 lecture,"['MWF 11-11:50a']"
SUS102 lecture,"['TR 10-11:20a']"
SUS304 lecture,"['TR 10-11:50a']"
SUS350 lecture,"['MW 12-1:50p']"
TOX530 lecture,"['TR 10-11:20a']"
FW255 lecture,"['M 1-1:50p']"
FW312 lecture,"['R 4-4:50p']"
FW315 lecture,"['MWF 11-11:50a']"
FW316 lecture,"['T 11-11:50a; S 8:30a-2:50p']"
FW350 lecture,"['MWF 10-10:50a']"
FW454 lecture,"['MWF 9-9:50a']"
FW464 lecture,"['TR 9-10:20a']"
FW599 lecture,"['T 10-10:50a', 'W 2-3:50p', 'W 4-4:50p', 'R 1-1:50p', 'TR 10-11:20a']"
FST101 lecture,"['F 12-12:50p']"
FST422 lecture,"['MWF 8-8:50a']"
FST460 lecture,"['TR 2-3:20p']"
FST522 lecture,"['MWF 8-8:50a']"
HORT112 lecture,"['W 1-1:50p']"
HORT226 lecture,"['TR 12-1:20p; R 10-10:50a']"
HORT251 lecture,"['T 2-2:50p']"
HORT300 lecture,"['MWF 8-8:50a']"
HORT301 lecture,"['MWF 12-12:50p']"
HORT314 lecture,"['MWF 10-10:50a']"
HORT452 lecture,"['MW 10-11:50a']"
HORT463 lecture,"['TR 2-3:20p']"
ACTG317 lecture,"['TR 8-9:50a; W 7-8:50p', 'TR 10-11:50a; W 7-8:50p', 'TR 2-3:50p; W 7-8:50p']"
ACTG417 lecture,"['MW 8-9:50a']"
ACTG420 lecture,"['MW 12-1:50p']"
BA160 lecture,"['MW 10-10:50a; W 7-8:50p', 'TR 9-9:50a; W 7-8:50p', 'TR 10-10:50a; W 7-8:50p', 'TR 9-9:50a; W 7-8:50p', 'TR 10-10:50a; W 7-8:50p', 'TR 11-11:50a; W 7-8:50p', 'TR 12-12:50p; W 7-8:50p', 'MW 11-11:50a; W 7-8:50p', 'MW 12-12:50p; W 7-8:50p', 'TR 12-12:50p; W 7-8:50p', 'TR 3-3:50p; W 7-8:50p', 'MW 2-2:50p; W 7-8:50p', 'TR 1-1:50p; W 7-8:50p', 'TR 2-2:50p; W 7-8:50p', 'TR 3-3:50p; W 7-8:50p', 'MW 1-1:50p; W 7-8:50p', 'MW 11-11:50a; W 7-8:50p', 'MW 11-11:50a; W 7-8:50p', 'MW 1-1:50p; W 7-8:50p', 'MW 1-1:50p; W 7-8:50p', 'MW 12-12:50p; W 7-8:50p', 'MW 2-2:50p; W 7-8:50p', 'TR 2-2:50p; W 7-8:50p', 'TR 3-3:50p; W 7-8:50p']"
BA211 lecture,"['TR 10-11:50a; W 7-8:50p', 'TR 12-1:50p; W 7-8:50p', 'TR 4-5:50p; W 7-8:50p']"
BA213 lecture,"['MW 8-9:50a']"
BA223 lecture,"['MW 4-5:50p', 'TR 10-11:50a', 'TR 2-3:50p']"
BA230 lecture,"['MW 10-11:50a', 'TR 4-5:50p']"
BA240 lecture,"['TR 12-1:50p']"
BA260 lecture,"['MW 10-11:50a', 'MW 12-1:50p', 'MW 4-5:50p', 'TR 8-9:50a', 'TR 10-11:50a']"
BA270 lecture,"['MW 6-7:50p', 'MW 12-1:50p', 'MW 2-3:50p']"
BA272 lecture,"['MW 4-5:50p']"
BA275 lecture,"['MW 2-3:50p', 'TR 8-9:50a', 'TR 10-11:50a']"
BA280 lecture,"['MW 9-9:50a', 'T 4-5:50p']"
BA281 lecture,"['MW 12-1:20p', 'MW 2-3:20p', 'TR 4-5:20p', 'TR 5:30-6:50p']"
BA315 lecture,"['MW 12-1:50p']"
BA347 lecture,"['TR 12-1:50p']"
BA351 lecture,"['MW 2-3:50p']"
BA352 lecture,"['MW 10-11:50a']"
BA354 lecture,"['MW 10-11:50a', 'MW 2-3:50p', 'TR 10-11:50a', 'TR 12-1:50p', 'TR 4-5:50p']"
BA357 lecture,"['TR 8-9:50a', 'TR 10-11:50a', 'TR 2-3:50p']"
BA370 lecture,"['MW 12-1:50p', 'TR 8-9:50a', 'TR 12-1:50p']"
BA375 lecture,"['MW 8-9:50a', 'MW 10-11:50a', 'TR 12-1:50p', 'TR 4-5:50p']"
BA381 lecture,"['MW 8-9:50a', 'MW 10-11:50a', 'TR 12-1:50p']"
BA390 lecture,"['MW 2-3:50p']"
BA460 lecture,"['TR 2-3:50p']"
BA466 lecture,"['TR 12-1:50p', 'TR 2-3:50p']"
BA540 lecture,"['W 6-8:50p']"
BA550 lecture,"['R 12-2:50p', 'R 6-8:50p']"
BA555 lecture,"['T 6-8:50p']"
BA569 lecture,"['M 12-2:50p', 'M 6-8:50p']"
BA590 lecture,"['M 3-5:50p']"
DSGN226 lecture,"['MW 12-1:50p']"
DSGN255 lecture,"['TR 12-1:50p', 'TR 2-3:50p']"
DSGN330 lecture,"['MW 10-11:50a', 'MW 12-1:50p']"
DSGN341 lecture,"['MW 10-11:50a']"
DSGN427 lecture,"['TR 11-11:50a']"
DSGN464 lecture,"['MW 4-5:20p']"
MGMT364 lecture,"['MW 12-1:50p', 'MW 2-3:50p']"
MGMT453 lecture,"['MW 4-5:50p']"
MRKT396 lecture,"['MW 2-3:50p']"
MRKT489 lecture,"['TR 8-9:50a']"
MRKT495 lecture,"['MW 8-9:50a', 'MW 10-11:50a']"
ED219 lecture,"['M 5-7:50p']"
ED483 lecture,"['M 2-4:50p']"
FES240 lecture,"['MWF 10-10:50a']"
FES241 lecture,"['TR 9-9:50a']"
FES341 lecture,"['MWF 10-10:50a']"
FES445 lecture,"['MW 2-3:50p']"
NR201 lecture,"['TR 10-11:20a']"
NR202 lecture,"['MW 4-5:20p']"
TRAL251 lecture,"['TR 12-1:50p']"
TRAL353 lecture,"['TR 2-3:50p']"
TRAL357 lecture,"['TR 10-11:20a']"
FE208 lecture,"['MWF 8-8:50a', 'MWF 9-9:50a']"
FE370 lecture,"['MWF 11-11:50a']"
FE434 lecture,"['MWF 8-8:50a']"
FE457 lecture,"['TR 8:30-9:50a']"
FE460 lecture,"['MW 6-7:20p']"
FOR111 lecture,"['MF 12-12:50p']"
FOR321 lecture,"['MWF 9-9:50a']"
FOR413 lecture,"['MW 12-12:50p']"
FOR436 lecture,"['MWF 10-10:50a']"
FOR457 lecture,"['TR 8:30-9:50a']"
WSE320 lecture,"['TR 11-11:50a']"
WSE321 lecture,"['MF 2-2:50p']"
PHAR210 lecture,"['F 3-4:50p']"
PHAR720 lecture,"['MW 9-9:50a']"
PHAR729 lecture,"['F 12-1:50p']"
PHAR735 lecture,"['MWF 11-11:50a']"
PHAR738 lecture,"['TR 8:30-9:50a']"
PHAR740 lecture,"['M 8-8:50a']"
PHAR752 lecture,"['MWF 12-1:50p; TR 12-12:50p']"
PHAR761 lecture,"['MTWR 9-10:50a; F 9-9:50a']"
ART100 lecture,"['F 12-12:50p']"
ART204 lecture,"['MWF 12-12:50p']"
ART320 lecture,"['MWF 2-2:50p']"
ART367 lecture,"['TR 2-3:20p']"
ART462 lecture,"['TR 5-6:20p']"
COMM111 lecture,"['M 1-1:50p', 'M 2-2:50p', 'MWF 1-1:50p', 'MWF 4-4:50p', 'TR 4-5:20p']"
COMM114 lecture,"['M 11-11:50a']"
COMM218 lecture,"['MWF 11-11:50a', 'MWF 3-3:50p', 'MWF 9-9:50a', 'MWF 9-9:50a', 'TR 10-11:20a', 'MWF 11-11:50a', 'MWF 10-10:50a', 'TR 2-3:20p', 'TR 12-1:20p', 'MWF 1-1:50p', 'MWF 2-2:50p', 'T 4-6:50p', 'TR 3-4:20p']"
COMM312 lecture,"['MWF 10-10:50a']"
COMM320 lecture,"['TR 12-1:20p']"
COMM321 lecture,"['TR 10-11:20a']"
COMM326 lecture,"['TR 2-3:20p']"
COMM372 lecture,"['T 4-6:50p']"
COMM399 lecture,"['MWF 11-11:50a']"
COMM414 lecture,"['TR 10-11:20a']"
COMM440 lecture,"['M 6-8:50p']"
COMM540 lecture,"['M 6-8:50p']"
MUS111 lecture,"['MW 12-1:20p']"
MUS121 lecture,"['TR 8:30-9:50a', 'MWF 11-11:50a', 'MWF 11-11:50a']"
MUS221 lecture,"['MWF 9-9:50a']"
MUS315 lecture,"['TR 10-10:50a']"
MUS324 lecture,"['MWF 10-10:50a']"
MUS399 lecture,"['MW 8-9:20a', 'R 4-4:50p']"
NMC100 lecture,"['TR 10-11:20a']"
NMC101 lecture,"['MW 4-5:20p']"
NMC255 lecture,"['TR 12-1:50p']"
NMC301 lecture,"['TR 10-11:20a']"
NMC322 lecture,"['TR 4-5:20p']"
NMC330 lecture,"['TR 8:30-9:50a']"
NMC421 lecture,"['TR 12-1:20p']"
TA147 lecture,"['TR 12-1:20p']"
TA242 lecture,"['TR 10-11:20a']"
TA244 lecture,"['TR 10-10:50a']"
TA247 lecture,"['TR 2-3:20p']"
TA330 lecture,"['MWF 11-11:50a']"
TA351 lecture,"['MW 4-5:20p']"
HST101 lecture,"['MW 8-9:50a']"
HST102 lecture,"['MW 12-1:50p']"
HST104 lecture,"['TR 8-9:20a', 'MW 4-5:20p']"
HST105 lecture,"['TR 2-3:20p']"
HST106 lecture,"['TR 12-1:20p']"
HST201 lecture,"['TR 8-9:50a']"
HST202 lecture,"['TR 10-11:50a']"
HST203 lecture,"['MW 2-3:50p']"
HST310 lecture,"['TR 12-1:50p']"
HST317 lecture,"['MW 8-9:50a', 'MW 4-5:50p']"
HST340 lecture,"['MW 12-1:50p']"
HST387 lecture,"['TR 10-11:50a']"
HST391 lecture,"['TR 8-9:50a']"
PHL121 lecture,"['TR 10-11:20a']"
PHL150 lecture,"['MW 4-5:20p']"
PHL160 lecture,"['MW 12-1:50p', 'TR 4-5:50p']"
PHL205 lecture,"['MW 8-9:50a', 'MW 10-11:50a', 'TR 2-3:50p']"
PHL208 lecture,"['MW 10-11:50a']"
PHL316 lecture,"['MW 12-1:50p']"
PHL443 lecture,"['TR 8:30-9:50a']"
PHL444 lecture,"['MW 8-9:50a']"
PHL543 lecture,"['TR 8:30-9:50a']"
REL160 lecture,"['MW 12-1:50p', 'TR 4-5:50p']"
REL208 lecture,"['MW 10-11:50a']"
REL443 lecture,"['TR 8:30-9:50a']"
ANTH101 lecture,"['MW 9-9:50a']"
ANTH230 lecture,"['MWF 9-9:50a']"
ANTH332 lecture,"['MW 2-2:50p; F 2-3:50p']"
ANTH345 lecture,"['TR 12-1:20p']"
ANTH370 lecture,"['TR 10-11:50a']"
ANTH383 lecture,"['TR 2-3:20p']"
CSSA548 lecture,"['F 2-4:50p']"
CSSA574 lecture,"['F 10a-12:50p']"
ES101 lecture,"['TR 12-1:20p']"
ES223 lecture,"['TR 4-5:50p']"
ES241 lecture,"['MW 4-5:50p']"
ES260 lecture,"['MW 10-11:50a']"
FR111 lecture,"['MTRF 9-9:50a', 'MTRF 1-1:50p']"
FR211 lecture,"['MTRF 2-2:50p']"
FR311 lecture,"['TR 4-5:20p']"
GER111 lecture,"['MW 4-5:50p']"
JPN111 lecture,"['MWF 9-9:50a', 'MWF 1-1:50p']"
JPN211 lecture,"['MWF 2-2:50p']"
JPN311 lecture,"['MWF 11-11:50a']"
QS262 lecture,"['TR 12-1:20p', 'MWF 2-2:50p']"
SPAN111 lecture,"['TWRF 11-11:50a', 'TWRF 1-1:50p', 'TWRF 3-3:50p']"
SPAN211 lecture,"['MTWR 8-8:50a', 'MTWR 9-9:50a', 'MTWR 11-11:50a']"
SPAN311 lecture,"['MWF 9-9:50a', 'MWF 10-10:50a', 'TR 8:30-9:50a', 'TR 10-11:20a']"
SPAN314 lecture,"['TR 4-5:20p']"
SPAN317 lecture,"['TR 12-1:20p', 'TR 2-3:20p']"
SPAN331 lecture,"['TR 4-5:20p']"
SPAN336 lecture,"['MWF 1-1:50p']"
WGSS223 lecture,"['TR 2-3:20p', 'MWF 10-10:50a']"
WGSS262 lecture,"['TR 12-1:20p', 'MWF 2-2:50p']"
WGSS280 lecture,"['TR 8:30-9:50a']"
WGSS325 lecture,"['MWF 9-9:50a', 'TR 8:30-9:50a', 'MWF 11-11:50a']"
WGSS340 lecture,"['TR 4-5:20p']"
WGSS360 lecture,"['MWF 10-10:50a']"
WGSS414 lecture,"['TR 12-1:50p']"
WLC335 lecture,"['TR 12-1:20p']"
PSY201 lecture,"['MW 12-1:50p', 'WF 4-5:50p', 'TR 2-3:50p']"
PSY202 lecture,"['TR 12-1:50p', 'MW 10-11:50a', 'WF 4-5:50p']"
PSY301 lecture,"['TR 12-1:50p', 'TR 2-3:50p', 'WF 8-9:50a', 'WF 12-1:50p']"
PSY340 lecture,"['MW 8-9:50a']"
PSY350 lecture,"['MW 12-1:50p']"
PSY360 lecture,"['MW 10-11:50a']"
PSY370 lecture,"['WF 2-3:50p']"
PSY381 lecture,"['TR 10-11:50a', 'TR 12-1:50p']"
PSY426 lecture,"['MW 12-1:50p']"
PSY456 lecture,"['TR 10-11:50a']"
PSY460 lecture,"['WF 2-3:50p']"
PSY480 lecture,"['TR 8-9:50a']"
PSY482 lecture,"['TR 4-5:50p']"
PSY485 lecture,"['TR 2-3:50p']"
PSY499 lecture,"['MW 10-11:50a']"
ECON201 lecture,"['TR 2-3:50p', 'TR 10-11:50a', 'TR 12-1:50p']"
ECON202 lecture,"['MW 10-11:50a']"
ECON311 lecture,"['MW 12-1:50p']"
ECON315 lecture,"['MW 4-5:50p']"
ECON330 lecture,"['TR 10-11:50a']"
ECON352 lecture,"['TR 12-1:20p']"
ECON411 lecture,"['MW 2-3:50p']"
ECON423 lecture,"['MW 8-9:50a']"
ECON424 lecture,"['MW 2-3:50p']"
ECON435 lecture,"['TR 12-1:50p']"
ECON439 lecture,"['TR 10-11:50a']"
ECON517 lecture,"['MW 2-3:50p']"
PPOL521 lecture,"['TR 12-1:50p']"
PPOL523 lecture,"['TR 10-11:50a']"
PPOL622 lecture,"['MW 10-11:50a']"
PS201 lecture,"['MW 12-1:50p']"
PS204 lecture,"['TR 10-11:50a']"
PS205 lecture,"['TR 12-1:50p']"
PS300 lecture,"['MW 10-11:50a']"
PS313 lecture,"['MW 12-1:50p']"
PS345 lecture,"['TR 12-1:50p']"
PS348 lecture,"['TR 2-3:50p']"
SOC204 lecture,"['MW 4-5:20p']"
SOC206 lecture,"['TR 10-11:20a']"
SOC315 lecture,"['TR 12-1:50p']"
SOC437 lecture,"['TR 2-3:50p']"
SOC441 lecture,"['TR 2-3:50p']"
ENG104 lecture,"['MWF 9-9:50a', 'TR 12-1:20p', 'MWF 2-2:50p']"
ENG106 lecture,"['MWF 12-12:50p']"
ENG204 lecture,"['MW 10-11:50a']"
WR121 lecture,"['MW 8-9:50a', 'MW 2-3:50p', 'TR 8-9:50a', 'TR 8-9:50a', 'TR 4-5:50p', 'MW 4-5:50p', 'TR 12-1:50p', 'MW 12-1:50p', 'TR 2-3:50p', 'MW 4-5:50p', 'MW 10-11:50a', 'MW 2-3:50p', 'TR 12-1:50p', 'MW 8-9:50a', 'MW 2-3:50p', 'MW 4-5:50p', 'TR 2-3:50p', 'MW 10-11:50a', 'TR 2-3:50p', 'MW 12-1:50p', 'MW 12-1:50p', 'TR 12-1:50p', 'TR 10-11:50a', 'TR 4-5:50p', 'TR 10-11:50a', 'MW 4-5:50p', 'TR 4-5:50p', 'TR 10-11:50a', 'MW 12-1:50p', 'MW 8-9:50a', 'TR 4-5:50p', 'TR 10-11:50a']"
WR201 lecture,"['MWF 9-9:50a']"
WR214 lecture,"['MWF 9-9:50a', 'MWF 10-10:50a']"
WR222 lecture,"['TR 8:30-9:50a', 'TR 2-3:20p', 'MWF 10-10:50a', 'MWF 4-4:50p', 'MWF 9-9:50a', 'MWF 11-11:50a', 'TR 10-11:20a', 'MWF 3-3:50p', 'TR 4-5:20p', 'MWF 12-12:50p', 'MWF 1-1:50p', 'MWF 2-2:50p', 'MWF 8-8:50a']"
WR224 lecture,"['TR 12-1:20p', 'TR 8:30-9:50a', 'TR 10-11:20a', 'MWF 4-4:50p']"
WR240 lecture,"['MWF 4-4:50p']"
WR241 lecture,"['MWF 3-3:50p', 'MWF 9-9:50a']"
WR327 lecture,"['MWF 2-2:50p', 'MWF 1-1:50p', 'MWF 11-11:50a', 'MWF 8-8:50a', 'MWF 11-11:50a', 'TR 4-5:20p', 'MWF 12-12:50p', 'MWF 3-3:50p', 'MWF 4-4:50p', 'TR 10-11:20a', 'TR 12-1:20p', 'TR 2-3:20p', 'MWF 9-9:50a', 'MWF 9-9:50a', 'MWF 10-10:50a']"
BB314 lecture,"['TR 2-3:20p']"
BB317 lecture,"['MWF 12-12:50p', 'MWF 2-2:50p']"
BB332 lecture,"['TR 10-11:20a']"
BB450 lecture,"['MWF 12-12:50p']"
BB481 lecture,"['MWF 1-1:50p']"
BB490 lecture,"['MWF 10-10:50a']"
BB493 lecture,"['T 4-4:50p']"
BOT325 lecture,"['MWF 11-11:50a']"
CH121 lecture,"['MWF 10-10:50a; R 8:30-9:50p', 'MWF 11-11:50a; R 8:30-9:50p', 'MWF 1-1:50p; R 8:30-9:50p']"
CH201 lecture,"['TR 8:30-9:50a', 'TR 10-11:20a', 'TR 12-1:20p', 'TR 2-3:20p']"
CH331 lecture,"['MWF 8-8:50a; R 7-8:20p', 'MWF 2-2:50p; R 7-8:20p']"
CH334 lecture,"['MWF 10-10:50a']"
CH361 lecture,"['M 4-4:50p']"
CH411 lecture,"['TR 10-11:20a']"
CH421 lecture,"['TR 8:30-9:50a']"
CH440 lecture,"['MWF 9-9:50a']"
CH461 lecture,"['TR 12-1:20p', 'WF 11-11:50a']"
CH511 lecture,"['TR 2-3:20p']"
CH535 lecture,"['MWF 11-11:50a']"
CH616 lecture,"['WF 4-5:20p']"
CH630 lecture,"['MWF 9-9:50a']"
BI101 lecture,"['TR 10-10:50a']"
BI231 lecture,"['MWF 9-9:50a']"
BI311 lecture,"['TR 8-9:50a', 'TR 2-3:20p']"
BI319 lecture,"['TR 2-3:20p', 'MWF 11-11:50a']"
BI331 lecture,"['TR 8:30-9:50a']"
BI370 lecture,"['MWF 9-9:50a']"
BI445 lecture,"['TR 2-3:20p']"
Z349 lecture,"['TR 12-1:20p']"
Z371 lecture,"['MWF 10-10:50a']"
Z422 lecture,"['TR 10-11:20a']"
Z423 lecture,"['TR 12-1:20p']"
Z425 lecture,"['MWF 9-9:50a']"
MTH103 lecture,"['MW 8-9:50a', 'MW 2-3:50p', 'MW 10-11:50a', 'MTWF 9-9:50a', 'MTWF 12-12:50p']"
MTH111 lecture,"['TR 8-9:20a', 'TR 12-1:20p', 'TR 10-11:20a', 'TR 2-3:20p', 'TR 4-5:20p', 'MWF 3-3:50p', 'TR 10-11:20a; WF 10-10:50a', 'TR 2-3:20p; WF 2-2:50p']"
MTH112 lecture,"['MWF 10-10:50a; T 7-8:20p', 'MWF 12-12:50p; T 7-8:20p', 'MWF 4-4:50p; T 7-8:20p', 'MWF 3-3:50p; T 7-8:20p', 'MWF 11-11:50a; T 7-8:20p', 'MWF 1-1:50p']"
MTH211 lecture,"['MW 8-9:50a']"
MTH228 lecture,"['MWF 3-3:50p']"
MTH231 lecture,"['MWF 9-9:50a; T 7-8:20p', 'MWF 12-12:50p; T 7-8:20p']"
MTH241 lecture,"['MWF 11-11:50a; T 8:30-9:50p', 'MTWF 1-1:50p; T 8:30-9:50p']"
MTH251 lecture,"['MWF 9-9:50a', 'MWF 12-12:50p', 'MWF 8-8:50a', 'MWF 11-11:50a', 'MWF 2-2:50p', 'MWF 3-3:50p', 'MWF 10-10:50a', 'MWF 12-12:50p', 'MWRF 3-3:50p', 'MWRF 10-10:50a']"
MTH252 lecture,"['MWF 11-11:50a', 'MWF 9-9:50a', 'MWF 3-3:50p']"
MTH254 lecture,"['MWF 4-4:50p; T 7-8:20p', 'MWF 3-3:50p; T 7-8:20p', 'MWF 9-9:50a; T 7-8:20p', 'MWF 10-10:50a; T 7-8:20p']"
MTH255 lecture,"['MWF 1-1:50p']"
MTH256 lecture,"['MWF 10-10:50a']"
MTH306 lecture,"['MWF 1-1:50p']"
MTH311 lecture,"['MWF 9-9:50a']"
MTH341 lecture,"['MWF 2-2:50p', 'MWF 10-10:50a', 'MWF 3-3:50p']"
MTH342 lecture,"['MWF 2-2:50p']"
MTH343 lecture,"['MWF 2-2:50p']"
MTH351 lecture,"['MWF 3-3:50p']"
MTH361 lecture,"['MWF 11-11:50a']"
MTH427 lecture,"['MWF 1-1:50p']"
MTH440 lecture,"['MWF 3-3:50p']"
MTH451 lecture,"['MWF 10-10:50a']"
MTH463 lecture,"['WF 4-5:20p']"
MTH481 lecture,"['MWF 9-9:50a']"
MTH511 lecture,"['MWF 9-9:50a']"
MTH543 lecture,"['MWF 2-2:50p']"
MTH551 lecture,"['MWF 10-10:50a']"
MTH581 lecture,"['MWF 9-9:50a']"
MTH654 lecture,"['MWF 3-3:50p']"
MB230 lecture,"['MWF 12-12:50p']"
MB302 lecture,"['MWF 9-9:50a']"
MB416 lecture,"['MWF 10-10:50a']"
PH104 lecture,"['MWF 12-12:50p']"
PH201 lecture,"['MWF 8-8:50a; W 7-8:20p', 'MWF 9-9:50a; W 7-8:20p', 'MWF 3-3:50p; W 7-8:20p']"
PH211 lecture,"['MWF 2-2:50p; W 7-8:20p', 'MWF 1-1:50p; W 7-8:20p', 'MWF 4-4:50p; W 7-8:20p']"
PH212 lecture,"['TR 9-9:50a; W 7-8:20p', 'TR 10-10:50a; W 7-8:20p', 'TR 4-4:50p; W 7-8:20p']"
PH213 lecture,"['MWF 11-11:50a; W 7-8:20p']"
PH313 lecture,"['MWF 11-11:50a']"
PH423 lecture,"['MWF 1-1:50p; TR 12-1:50p']"
PH431 lecture,"['MWF 10-10:50a']"
PH562 lecture,"['MWF 11-11:50a']"
PH651 lecture,"['MWF 9-9:50a']"
ST201 lecture,"['TR 8:30-9:50a; T 7-8:20p', 'TR 12-1:20p; T 7-8:20p']"
ST314 lecture,"['TR 8:30-9:50a', 'TR 8:30-9:50a']"
ST351 lecture,"['MWF 8-8:50a', 'MWF 1-1:50p', 'MWF 10-10:50a']"
ST352 lecture,"['MWF 12-12:50p']"
ST411 lecture,"['MWF 10-10:50a']"
ST421 lecture,"['MWF 2-2:50p']"
ST511 lecture,"['MWF 10-10:50a']"
ST521 lecture,"['MWF 2-2:50p']"
ST531 lecture,"['TR 2-3:20p']"
ST541 lecture,"['TR 10-11:20a']"
ST551 lecture,"['MWF 11-11:50a']"
ST561 lecture,"['MWF 8-8:50a']"
ST623 lecture,"['TR 4-5:20p']"
GRAD560 lecture,"['R 1-3:50p']"
ALS140 lecture,"['MWF 3-4:50p', 'MWF 3-4:50p']"
ALS141 lecture,"['MWF 8-9:50a', 'MWF 8-9:50a']"
ALS150 lecture,"['MTRF 8-9:20a', 'MWF 8-9:50a']"
ALS151 lecture,"['MTWR 4-5:20p', 'MWF 4-5:50p', 'TR 2-4:50p']"
ALS162 lecture,"['MWF 8-9:50a', 'TR 8-10:50a']"
ALS165 lecture,"['MWF 12-1:50p', 'MWF 8-9:50a', 'MWF 3-4:50p', 'MWF 10-11:50a']"
ALS166 lecture,"['TR 10a-12:50p', 'MWF 10-11:50a', 'MWF 12-1:50p']"
ALS174 lecture,"['MWF 3-4:50p']"
GEO101 lecture,"['TR 2-3:20p']"
GEO201 lecture,"['MWF 1-1:50p']"
GEO295 lecture,"['MTWRFSU 8a-5p']"
GEO307 lecture,"['MWF 10-10:50a']"
GEO308 lecture,"['MWF 3-3:50p']"
GEO310 lecture,"['TR 10-10:50a']"
GEO322 lecture,"['MWF 11-11:50a']"
GEO481 lecture,"['MWF 9-9:50a']"
GEO487 lecture,"['TR 8:30-9:50a']"
GEOG100 lecture,"['MW 9-9:50a']"
GEOG105 lecture,"['TR 1-1:50p']"
GEOG201 lecture,"['MWF 1-1:50p']"
GEOG323 lecture,"['MWF 11-11:50a']"
GEOG340 lecture,"['TR 8:30-9:50a']"
GEOG360 lecture,"['TR 12-1:20p']"
GEOG560 lecture,"['MWF 9-9:50a']"
GEOG580 lecture,"['MWF 10-10:50a']"
ATS201 lecture,"['MWF 9-9:50a']"
ATS301 lecture,"['MWF 10-10:50a']"
ATS310 lecture,"['MWF 11-11:50a']"
OC201 lecture,"['MWF 2-2:50p']"
OC430 lecture,"['MWF 2-2:50p']"
OC434 lecture,"['MWF 8-8:50a']"
OC512 lecture,"['T 10-11:50a']"
OEAS540 lecture,"['MWF 12-12:50p']"
BEE311 lecture,"['TR 8-9:50a']"
BEE512 lecture,"['MWF 11-11:50a']"
BEE542 lecture,"['TR 2-3:50p']"
ENGR201 lecture,"['TR 10-10:50a', 'TR 11-11:50a', 'TR 9-9:50a']"
ENGR203 lecture,"['TR 10-11:20a']"
ENGR211 lecture,"['MW 9-9:50a', 'MW 1-1:50p', 'MW 11-11:50a']"
ENGR212 lecture,"['MWF 9-9:50a']"
ENGR213 lecture,"['TR 12-1:20p']"
ENGR248 lecture,"['MW 1-1:50p']"
ENGR390 lecture,"['TR 2-3:20p']"
BIOE491 lecture,"['MW 12-1:50p']"
CBEE211 lecture,"['MF 12-12:50p', 'MF 1-1:50p']"
CBEE320 lecture,"['MW 2-2:50p']"
CBEE414 lecture,"['MW 4-4:50p']"
CHE311 lecture,"['MW 4-4:50p', 'MW 3-3:50p']"
CHE320 lecture,"['TR 8-8:50a']"
CHE331 lecture,"['MWF 8-8:50a', 'MWF 2-2:50p']"
CHE411 lecture,"['MWF 2-2:50p']"
CHE443 lecture,"['MWF 12-12:50p']"
CHE445 lecture,"['MW 6-6:50p']"
CHE525 lecture,"['TR 8-9:50a']"
CHE599 lecture,"['MWF 10-10:50a']"
ENVE421 lecture,"['MWF 9-9:50a']"
ENVE532 lecture,"['TR 10-11:50a']"
ENVE536 lecture,"['W 12-12:50p']"
CCE321 lecture,"['MWF 9-9:50a', 'MWF 11-11:50a']"
CE311 lecture,"['MWF 8-8:50a']"
CE361 lecture,"['MF 12-12:50p', '']"
CE373 lecture,"['MW 2-3:20p']"
CE381 lecture,"['MWF 10-10:50a']"
CE383 lecture,"['MWF 1-1:50p']"
CE412 lecture,"['TR 8-9:50a']"
CE420 lecture,"['TR 4-5:50p']"
CE481 lecture,"['MW 10-11:50a']"
CE491 lecture,"['MW 12-12:50p']"
CE520 lecture,"['TR 4-5:50p']"
CE531 lecture,"['TR 12-1:20p']"
CE590 lecture,"['TR 12-1:20p']"
CE630 lecture,"['MW 10-11:20a']"
CE640 lecture,"['T 10-11:50a']"
CEM383 lecture,"['MWF 2-2:50p']"
CEM431 lecture,"['TR 4-5:50p']"
CEM471 lecture,"['TR 12-1:50p']"
CS101 lecture,"['TR 4-5:50p']"
CS162 lecture,"['MWF 10-10:50a', 'MWF 4-4:50p']"
CS261 lecture,"['MWF 1-1:50p', 'MWF 10-10:50a']"
CS290 lecture,"['TR 2-3:50p']"
CS321 lecture,"['MWF 9-9:50a']"
CS325 lecture,"['TR 10-11:50a']"
CS340 lecture,"['TR 12-1:50p']"
CS344 lecture,"['MW 4-5:50p']"
CS361 lecture,"['TR 4-5:50p']"
CS370 lecture,"['TR 2-3:50p']"
CS372 lecture,"['MW 12-1:50p']"
CS391 lecture,"['MWF 10-10:50a']"
CS444 lecture,"['TR 12-1:20p']"
CS450 lecture,"['MW 12-1:50p']"
CS468 lecture,"['MW 10-11:50a']"
CS472 lecture,"['MW 2-3:50p']"
CS491 lecture,"['TR 10-11:50a']"
CS550 lecture,"['MW 12-1:50p']"
CS568 lecture,"['MW 10-11:50a']"
CS578 lecture,"['MF 4-5:50p']"
ECE271 lecture,"['MWF 10-10:50a']"
ECE322 lecture,"['MWF 9-9:50a']"
ECE351 lecture,"['MWF 2-2:50p']"
ECE372 lecture,"['MW 12-1:50p']"
ECE375 lecture,"['TR 4-5:20p']"
ECE390 lecture,"['TR 2-3:50p']"
ECE416 lecture,"['TR 2-3:50p']"
ECE422 lecture,"['MW 4-5:50p']"
ECE433 lecture,"['MW 8-9:50a']"
ECE451 lecture,"['MW 2-3:50p']"
ECE461 lecture,"['TR 8-9:50a']"
ECE468 lecture,"['MWF 3-3:50p']"
ECE472 lecture,"['MW 2-3:50p']"
ECE473 lecture,"['TR 4-5:20p']"
ECE499 lecture,"['MW 12-1:50p']"
ECE516 lecture,"['TR 2-3:50p']"
ECE522 lecture,"['MW 4-5:50p']"
ECE530 lecture,"['TR 8-9:50a']"
ECE561 lecture,"['TR 8-9:50a']"
ECE565 lecture,"['TR 2-3:50p']"
ECE580 lecture,"['MW 10-11:50a']"
ECE614 lecture,"['MWF 2-2:50p']"
IE355 lecture,"['MWF 9-9:50a']"
IE367 lecture,"['TR 10-11:50a']"
IE412 lecture,"['TR 2-3:20p']"
IE425 lecture,"['MW 10-11:50a']"
IE475 lecture,"['TR 12-1:20p']"
IE512 lecture,"['TR 2-3:20p']"
IE521 lecture,"['MW 8:30-9:50a']"
MATS321 lecture,"['TR 12-1:50p']"
MATS322 lecture,"['MW 10-10:50a']"
MATS570 lecture,"['TR 10-11:50a']"
MATS581 lecture,"['MTWR 9-9:50a']"
ME311 lecture,"['TR 10-11:50a', 'MW 10-11:50a']"
ME316 lecture,"['MWF 2-2:50p']"
ME317 lecture,"['MW 4-5:50p']"
ME332 lecture,"['MW 8-9:50a']"
ME373 lecture,"['TR 4-5:50p']"
ME382 lecture,"['MWF 3-3:50p']"
ME383 lecture,"['TR 2-3:20p']"
ME430 lecture,"['MW 2-3:50p']"
ME460 lecture,"['TR 10-11:50a']"
ME461 lecture,"['MW 2-3:50p']"
ME480 lecture,"['TR 12-1:20p']"
ME484 lecture,"['TR 2-3:20p']"
ME526 lecture,"['TR 12-1:20p']"
ME560 lecture,"['MW 10-11:50a']"
ME580 lecture,"['TR 12-1:20p']"
MFGE436 lecture,"['TR 8:30-9:50a']"
MFGE535 lecture,"['TR 2-3:20p']"
MFGE536 lecture,"['TR 8:30-9:50a']"
ROB456 lecture,"['MW 8-9:50a']"
ROB514 lecture,"['MW 12-1:50p']"
ROB538 lecture,"['MW 10-11:50a']"
NSE234 lecture,"['MWF 2-2:50p']"
NSE311 lecture,"['TR 10-11:50a', 'MW 10-11:50a']"
NSE415 lecture,"['MW 12-12:50p']"
NSE451 lecture,"['MWF 1-1:50p']"
NSE455 lecture,"['MWF 3-3:50p']"
NSE467 lecture,"['MWF 8-9:20a']"
NSE481 lecture,"['TR 8-9:50a']"
NSE531 lecture,"['WF 10-11:20a']"
VMB674 lecture,"['TRF 2-2:50p']"
VMB711 lecture,"['M 8-8:50a']"
VMB714 lecture,"['M 3:30-4:50p; F 3-4:20p']"
VMB717 lecture,"['MW 1-3:20p; F 1-2:50p']"
VMB750 lecture,"['MTF 8-8:50a']"
VMB753 lecture,"['TF 10-10:50a; W 1-1:50p; R 2-2:50p']"
VMB759 lecture,"['MTW 11-11:50a; R 3-3:50p']"
VMB760 lecture,"['MR 1-1:50p; TF 9-9:50a']"
VMB761 lecture,"['T 1-1:50p; F 11-11:50a']"
VMC770 lecture,"['MTWF 10-10:50a']"
VMC776 lecture,"['MTWRF 8-8:50a']"
VMC783 lecture,"['WRF 11-11:50a']"
VMC785 lecture,"['MTWRF 9-9:50a']"
AS111 lecture,"['T 11-11:50a', 'R 9-9:50a']"
AS211 lecture,"['T 9-9:50a', 'R 11-11:50a']"
AS311 lecture,"['F 7-9:50a', 'W 9-11:50a']"
AS411 lecture,"['W 6-8:50p']"
MS111 lecture,"['W 11-11:50a', 'T 3-3:50p']"
NS111 lecture,"['TR 10-11:20a']"
NS211 lecture,"['MWF 10-11:40a']"
HHS231 lecture,"['MW 11-11:50a', 'TR 11-11:50a', 'MW 3-3:50p', 'TR 2-2:50p']"
KIN132 lecture,"['M 4-4:50p']"
KIN311 lecture,"['TR 10-11:50a']"
KIN321 lecture,"['MTWR 3-3:50p']"
KIN324 lecture,"['TR 2-3:50p']"
KIN325 lecture,"['MW 8-8:50a']"
KIN370 lecture,"['TR 12-1:20p']"
KIN394 lecture,"['MW 9-9:50a']"
KIN395 lecture,"['MW 11-11:50a']"
KIN422 lecture,"['MW 10-11:20a']"
KIN423 lecture,"['M 9-9:50a']"
KIN425 lecture,"['TR 12-1:20p']"
KIN432 lecture,"['T 4-6:50p']"
KIN434 lecture,"['TR 12-1:20p']"
KIN483 lecture,"['MWF 9-9:50a']"
KIN586 lecture,"['MW 12-1:20p']"
NUTR235 lecture,"['MW 10-11:50a']"
NUTR240 lecture,"['MWF 10-10:50a']"
NUTR417 lecture,"['MW 12-1:50p']"
NUTR430 lecture,"['MWF 2-2:50p']"
H220 lecture,"['TR 2-3:20p']"
H225 lecture,"['TR 12-1:50p', 'MW 2-3:50p', 'MW 12-1:50p']"
H312 lecture,"['TR 10-11:20a', 'MW 4-5:20p']"
H320 lecture,"['R 4-6:50p']"
H344 lecture,"['TR 2-3:20p']"
H457 lecture,"['TR 5-6:20p']"
H476 lecture,"['TR 12-1:50p']"
H560 lecture,"['W 10a-12:50p']"
H562 lecture,"['W 4-6:50p']"
H576 lecture,"['MW 2-3:50p']"
H581 lecture,"['TR 12-1:20p']"
HDFS240 lecture,"['TR 4-5:20p']"
HDFS311 lecture,"['MW 2-3:50p']"
HDFS312 lecture,"['MW 12-1:50p']"
HDFS313 lecture,"['TR 2-3:50p']"
HDFS314 lecture,"['TR 10-11:50a']"
HDFS431 lecture,"['MW 10-11:20a']"
HDFS447 lecture,"['TR 2-3:50p']"
KIN481 lecture,"['TR 10-11:20a', 'TR 4-5:20p']"
BA160H lecture,"['TR 11-11:50a; W 7-8:50p', 'TR 11-11:50a; W 7-8:50p', 'TR 1-1:50p; W 7-8:50p', 'TR 1-1:50p; W 7-8:50p', 'TR 2-2:50p; W 7-8:50p', 'TR 2-2:50p; W 7-8:50p']"
BA211H lecture,"['TR 8-9:50a', 'TR 8-9:50a']"
CH231H lecture,"['MWF 12-12:50p']"
CH361H lecture,"['M 4-4:50p']"
ENGR211H lecture,"['MW 4-4:50p']"
HC299 lecture,"['T 3-3:50p']"
MTH251H lecture,"['MW 12-1:50p', 'MW 10-11:50a', 'MW 8-9:50a']"
MTH252H lecture,"['MW 10-11:50a']"
MTH254H lecture,"['MW 2-3:50p', 'MW 12-1:50p']"
CBEE211H lecture,"['MF 12-12:50p']"
ME382H lecture,"['MWF 3-3:50p']"
WR121H lecture,"['TR 10-11:50a', 'MW 12-1:50p', 'MW 2-3:50p']"
BOT550 recitation,"['W 2-5:20p']"
CROP300 recitation,"['R 9-9:50a', 'R 10-10:50a', 'R 11-11:50a']"
FST522 recitation,"['R 9-9:50a']"
HORT300 recitation,"['R 9-9:50a', 'R 10-10:50a', 'R 11-11:50a']"
BA101 recitation,"['R 10-10:50a', 'R 11-11:50a']"
BA160 recitation,"['F 9-9:50a', 'F 11-11:50a', 'F 1-1:50p', 'F 10-10:50a', 'F 11-11:50a', 'F 1-1:50p']"
FES241 recitation,"['T 4-5:50p', 'R 4-5:50p']"
COMM111 recitation,"['TR 9-9:50a', 'TR 12-12:50p', 'TR 1-1:50p', 'TR 10-10:50a', 'TR 1-1:50p', 'TR 3-3:50p', 'TR 3-3:50p', 'TR 4-4:50p', 'TR 9-9:50a', 'TR 2-2:50p', 'TR 11-11:50a', 'TR 10-10:50a', 'WF 10-10:50a', 'WF 2-2:50p', 'WF 11-11:50a', 'WF 1-1:50p', 'WF 9-9:50a', 'WF 10-10:50a', 'WF 3-3:50p', 'WF 1-1:50p', 'WF 9-9:50a', 'WF 11-11:50a', 'WF 2-2:50p', 'WF 3-3:50p']"
COMM114 recitation,"['TR 9-9:50a', 'TR 10-10:50a', 'TR 1-1:50p', 'WF 10-10:50a', 'TR 11-11:50a', 'WF 11-11:50a', 'WF 1-1:50p', 'TR 2-2:50p', 'WF 9-9:50a', 'WF 2-2:50p', 'TR 12-12:50p']"
ANTH101 recitation,"['F 2-3:50p', 'F 4-5:50p']"
JPN111 recitation,"['TR 9-9:50a', 'TR 10-10:50a', 'TR 1-1:50p', 'TR 2-2:50p']"
JPN211 recitation,"['TR 3-3:50p', 'TR 4-4:50p']"
BB314 recitation,"['W 2-3:50p', 'W 4-5:50p', 'R 12-1:50p', 'R 10-11:50a', 'R 4-5:50p']"
BB450 recitation,"['W 9-9:50a', 'T 2-2:50p', 'R 12-12:50p', 'R 1-1:50p', 'T 12-12:50p', 'T 1-1:50p', 'W 11-11:50a', 'W 4-4:50p', 'W 11-11:50a']"
CH121 recitation,"['MW 12-12:50p', 'MW 12-12:50p', 'MW 1-1:50p', 'MW 1-1:50p', 'MW 2-2:50p', 'MW 2-2:50p', 'TR 9-9:50a', 'TR 9-9:50a', 'TR 10-10:50a', 'TR 10-10:50a', 'TR 11-11:50a', 'TR 11-11:50a', 'TR 12-12:50p', 'TR 12-12:50p', 'TR 1-1:50p', 'TR 1-1:50p', 'TR 2-2:50p', 'TR 2-2:50p']"
CH233 recitation,"['', '', '', '']"
CH331 recitation,"['M 11-11:50a', 'M 2-2:50p', 'M 3-3:50p', 'T 10-10:50a', 'T 11-11:50a', 'T 2-2:50p', 'T 3-3:50p', 'W 12-12:50p', 'W 1-1:50p', 'R 11-11:50a', 'R 12-12:50p', 'T 10-10:50a', 'T 11-11:50a', 'T 3-3:50p', 'W 11-11:50a', 'W 11-11:50a', 'W 3-3:50p', 'W 4-4:50p', 'T 12-12:50p', 'T 2-2:50p', 'W 12-12:50p', 'R 11-11:50a']"
BI241 recitation,"['M 3-3:50p', 'M 4-4:50p', 'M 5-5:50p', 'T 8-8:50a', 'T 9-9:50a', 'W 3-3:50p', 'W 4-4:50p', 'R 8-8:50a']"
BI311 recitation,"['T 4-4:50p', 'W 1-1:50p', 'R 9-9:50a', 'R 11-11:50a', 'R 4-4:50p', 'F 2-2:50p']"
MTH111 recitation,"['WF 8-8:50a', 'WF 12-12:50p', 'WF 10-10:50a', 'WF 2-2:50p', 'WF 4-4:50p', 'TR 1-1:50p']"
MTH112 recitation,"['T 8:30-9:50a', 'T 10-11:20a', 'T 12-1:20p', 'T 2-3:20p', 'T 10-11:20a', 'T 12-1:20p', 'T 4-5:20p', 'T 12-1:20p', 'T 2-3:20p', 'T 12-1:20p', 'T 2-3:20p', 'T 4-5:20p', 'T 8:30-9:50a', 'T 10-11:20a', 'T 12-1:20p', 'TR 1-1:50p']"
MTH228 recitation,"['R 12-1:20p', 'R 2-3:20p']"
MTH231 recitation,"['T 8:30-9:50a', 'T 10-11:20a', 'T 12-1:20p', 'T 10-11:20a', 'T 12-1:20p', 'T 8:30-9:50a']"
MTH241 recitation,"['T 8:30-9:50a', 'T 10-11:20a', 'T 12-1:20p', 'T 12-1:20p', 'T 2-3:20p', 'T 4-5:20p']"
MTH251 recitation,"['R 8:30-9:50a', 'R 10-11:20a', 'R 12-1:20p', 'R 8:30-9:50a', 'R 10-11:20a', 'R 12-1:20p', 'R 10-11:20a', 'R 12-1:20p', 'R 8:30-9:50a', 'R 12-1:20p', 'R 2-3:20p', 'R 10-11:20a', 'R 12-1:20p', 'R 2-3:20p', 'R 4-5:20p', 'R 5:30-6:50p', 'R 2-3:20p', 'R 4-5:20p', 'R 12-1:20p', 'R 8:30-9:50a', 'R 10-11:20a', 'TR 12-12:50p']"
MTH252 recitation,"['T 8:30-9:50a', 'T 10-11:20a', 'T 12-1:20p', 'T 8:30-9:50a', 'T 10-11:20a', 'T 12-1:20p', 'T 5:30-6:50p', 'T 2-3:20p', 'T 4-5:20p']"
MTH254 recitation,"['R 2-3:20p', 'R 4-5:20p', 'R 6-7:20p', 'R 4-5:20p', 'R 2-3:20p', 'R 12-1:20p', 'R 8-9:20a', 'R 10-11:20a', 'R 12-1:20p', 'R 8:30-9:50a', 'R 10-11:20a', 'R 12-1:20p']"
MTH255 recitation,"['T 8:30-9:50a', 'T 10-11:20a', 'T 12-1:20p']"
MTH256 recitation,"['R 8:30-9:50a', 'R 10-11:20a', 'R 12-1:20p', 'R 12-1:20p', 'R 2-3:20p', 'R 4-5:20p']"
MTH306 recitation,"['T 2-3:20p']"
MTH311 recitation,"['R 9-9:50a', 'R 10-10:50a']"
MTH342 recitation,"['R 4-4:50p', 'R 3-3:50p']"
MTH343 recitation,"['R 2-2:50p']"
PH201 recitation,"['T 8-8:50a', 'T 9-9:50a', 'T 10-10:50a', 'T 11-11:50a', 'T 4-4:50p', 'T 5-5:50p', 'R 8-8:50a', 'R 9-9:50a', 'R 10-10:50a', 'R 2-2:50p', 'R 3-3:50p', 'R 5-5:50p', 'R 11-11:50a', 'T 6-6:50p', 'R 4-4:50p', 'T 3-3:50p', 'R 6-6:50p', 'T 12-12:50p', 'T 2-2:50p', 'M 3-3:50p', 'W 3-3:50p']"
ST201 recitation,"['R 5-5:50p', 'R 6-6:50p', 'F 8-8:50a', 'F 9-9:50a', 'F 10-10:50a', 'F 1-1:50p', 'F 2-2:50p', 'F 4-4:50p']"
ST421 recitation,"['R 4-4:50p', 'R 9-9:50a']"
ST521 recitation,"['R 4-4:50p', 'R 9-9:50a']"
ST561 recitation,"['T 4-4:50p']"
GEOG100 recitation,"['T 8-9:50a', 'W 10-11:50a', 'R 2-3:50p', 'F 8-9:50a', 'F 10-11:50a']"
GEOG105 recitation,"['T 2-3:50p', 'W 12-1:50p', 'W 2-3:50p', 'R 8-9:50a']"
ENGR211 recitation,"['R 8-9:50a', 'R 10-11:50a', 'R 12-1:50p', 'R 2-3:50p', 'R 4-5:50p', 'F 12-1:50p', 'F 10-11:50a', 'F 4-5:50p', 'F 2-3:50p', 'R 8-9:50a', 'R 10-11:50a', 'R 12-1:50p', 'R 2-3:50p', 'R 4-5:50p', 'F 12-1:50p', 'F 10-11:50a', 'F 4-5:50p', 'F 2-3:50p', 'R 8-9:50a', 'R 10-11:50a', 'R 12-1:50p', 'R 2-3:50p', 'R 4-5:50p', 'F 12-1:50p', 'F 10-11:50a', 'F 4-5:50p', 'F 2-3:50p']"
CBEE211 recitation,"['W 12-12:50p', 'W 1-1:50p']"
CBEE320 recitation,"['MW 3-3:50p']"
CHE320 recitation,"['TR 9-9:50a']"
CHE411 recitation,"['T 10-11:50a', 'T 12-1:50p', 'T 2-3:50p', 'T 4-5:50p']"
CHE445 recitation,"['TR 6-6:50p']"
CE311 recitation,"['R 12-1:50p', 'R 2-3:50p']"
CE373 recitation,"['R 2-3:50p']"
CE381 recitation,"['R 6-7:50p', 'T 6-7:50p']"
CE491 recitation,"['R 10-11:50a']"
CEM383 recitation,"['T 8-9:50a']"
CS261 recitation,"['T 8-9:50a', 'T 10-11:50a', 'T 2-3:50p', 'W 4-5:50p', 'M 4-5:50p', 'W 2-3:50p', 'T 12-1:50p', 'T 4-5:50p', 'W 12-1:50p']"
CS444 recitation,"['F 12-1:50p', 'F 4-5:50p', 'W 4-5:50p', 'W 12-1:50p', 'T 4-5:50p', 'R 4-5:50p']"
BA160H recitation,"['F 9-9:50a']"
CH231H recitation,"['T 1-1:50p', 'T 2-2:50p']"
ENGR211H recitation,"['F 10-11:50a']"
CBEE211H recitation,"['W 12-12:50p']"
ANS121 lab,"['T 12-12:50p; T 1-1:50p', 'T 2-2:50p; T 3-3:50p', 'W 10-10:50a; W 11-11:50a', 'W 12-12:50p', 'W 2-2:50p; W 3-3:50p', 'T 9-9:50a; T 10-10:50a']"
ANS220 lab,"['M 1-2:50p', 'W 1-2:50p']"
ANS445 lab,"['W 1-2:50p', 'W 3-4:50p']"
RNG121 lab,"['R 4-4:50p', 'R 2-2:50p', 'R 3-3:50p']"
RNG355 lab,"['W 2-3:50p']"
AEC465 lab,"['R 2-3:50p']"
BOT220 lab,"['W 1-3:50p', 'M 1-3:50p']"
BOT350 lab,"['T 9-10:50a', 'T 11a-12:50p', 'T 2-3:50p']"
BOT461 lab,"['MW 1-3:50p']"
BOT550 lab,"['T 4-5:50p']"
SOIL206 lab,"['M 1-3:30p', 'T 9-11:50a', 'T 1-3:30p', 'W 1-3:30p', 'R 9-11:50a']"
SOIL316 lab,"['W 1-3:50p']"
SUS102 lab,"['M 1-3:50p', 'M 1-3:50p', 'T 1-3:50p', 'T 1-3:50p', 'T 4-6:50p; S 10a-1p', 'W 1-3:50p', 'W 1-3:50p', 'W 4-6:50p; S 10a-1p', 'R 1-3:50p', 'R 1-3:50p']"
SUS103 lab,"['T 11a-1:50p', 'T 2-4:50p', 'W 11a-1:50p', 'R 11a-1:50p', 'R 2-4:50p', 'F 11a-1:50p']"
FW255 lab,"['W 12-3:50p', 'R 12-3:50p']"
FW312 lab,"['R 8-11:50a']"
FW316 lab,"['TR 1-2:50p']"
FW454 lab,"['F 10-11:50a']"
FW599 lab,"['M 1-2:20p']"
FST422 lab,"['T 8:30-10:50a', 'T 11:30a-1:50p']"
FST522 lab,"['T 8:30-10:50a', 'T 11:30a-1:50p']"
HORT112 lab,"['F 1-3:50p']"
HORT251 lab,"['T 3-3:50p; R 2-3:50p']"
HORT314 lab,"['M 2-4:50p']"
HORT452 lab,"['TR 8-9:50a']"
FES240 lab,"['T 1-4:50p', 'R 1-4:50p']"
FES241 lab,"['T 1-3:20p']"
FE208 lab,"['M 12-12:50p; M 1-3:50p', 'T 12-12:50p; T 1-3:50p', 'W 12-12:50p; W 1-3:50p', 'R 12-12:50p; R 1-3:50p']"
FE370 lab,"['W 1-4:50p']"
FE434 lab,"['M 1-3:50p', 'R 9-11:50a', 'M 5-7:50p']"
FE457 lab,"['R 5-7:50p', 'F 2-4:50p']"
FOR111 lab,"['W 2-4:50p', 'F 2-4:50p']"
FOR321 lab,"['T 12-4:50p', 'R 12-4:50p']"
FOR413 lab,"['M 1-3:50p', 'R 1-3:50p']"
FOR436 lab,"['W 1-3:50p']"
FOR457 lab,"['R 5-7:50p', 'F 2-4:50p']"
WSE320 lab,"['F 10a-12:50p']"
WSE321 lab,"['W 2-4:50p']"
PHAR720 lab,"['M 12-2:50p', 'T 12-2:50p', 'W 12-2:50p', 'R 12-2:50p']"
PHAR740 lab,"['M 9-11:50a', 'T 9-11:50a', 'W 9-11:50a', 'R 9-11:50a']"
ART340 lab,"['TR 2-4:50p']"
TA244 lab,"['R 3-4:50p', 'T 3-4:50p']"
PPOL622 lab,"['']"
BB493 lab,"['MW 2-4:50p']"
CH261 lab,"['M 12-2:50p', 'M 12-2:50p', 'M 12-2:50p', 'M 12-2:50p', 'M 3-5:50p', 'M 3-5:50p', 'M 3-5:50p', 'M 3-5:50p', 'T 9-11:50a', 'T 9-11:50a', 'T 9-11:50a', 'T 9-11:50a', 'T 12-2:50p', 'T 12-2:50p', 'T 12-2:50p', 'T 3-5:50p', 'T 3-5:50p', 'T 3-5:50p', 'W 9-11:50a', 'W 9-11:50a', 'W 9-11:50a', 'W 12-2:50p', 'W 12-2:50p', 'W 12-2:50p', 'W 3-5:50p', 'W 3-5:50p', 'W 3-5:50p', 'W 6-8:50p', 'W 6-8:50p', 'W 6-8:50p', 'R 9-11:50a', 'R 9-11:50a', 'R 9-11:50a', 'R 12-2:50p', 'R 12-2:50p', 'R 3-5:50p', 'R 3-5:50p', 'F 9-11:50a', 'F 9-11:50a', 'F 9-11:50a', 'F 12-2:50p', 'F 12-2:50p', 'F 12-2:50p', 'F 12-2:50p', 'F 3-5:50p', 'F 3-5:50p', 'F 3-5:50p', 'F 3-5:50p', 'F 9-11:50a']"
CH263 lab,"['W 12-2:50p', 'W 3-5:50p', 'W 6-8:50p', 'W 9-11:50a', 'R 12-2:50p', 'R 3-5:50p']"
CH271 lab,"['T 12-2:50p', 'R 3-5:50p']"
CH324 lab,"['TR 12:30-4:50p', 'TR 8a-12:20p', 'TR 12:30-4:50p', 'TR 8a-12:20p']"
CH337 lab,"['T 8-11:50a', 'T 1-4:50p']"
CH361 lab,"['TR 8-11:20a', 'TR 1-4:20p', 'WF 12-3:20p']"
CH461 lab,"['TR 1:30-3:50p', 'WF 12-2:50p']"
BI101 lab,"['T 12-1:50p; R 12-12:50p', 'T 2-3:50p; R 2-2:50p', 'T 4-5:50p; R 4-4:50p', 'W 10-11:50a; F 10-10:50a', 'W 12-1:50p; F 12-12:50p', 'T 12-12:50p; R 12-1:50p', 'T 2-2:50p; R 2-3:50p', 'W 12-12:50p; F 12-1:50p']"
BI241 lab,"['T 8-9:50a', 'T 10-11:50a', 'T 12:30-2:20p', 'T 2:30-4:20p', 'T 5-6:50p', 'W 10-11:50a', 'W 12-1:50p', 'W 2:30-4:20p', 'W 4:30-6:20p', 'R 8-9:50a', 'R 10-11:50a', 'R 12:30-2:20p', 'R 2:30-4:20p', 'F 10-11:50a', 'F 12-1:50p']"
BI341 lab,"['T 10:30a-1:20p', 'T 2-4:50p', 'T 5:30-8:20p', 'W 8-10:50a', 'W 11:30a-2:20p', 'W 3-5:50p', 'R 10:30a-1:20p', 'R 2-4:50p', 'R 5:30-8:20p', 'F 9-11:50a', 'F 1-3:50p']"
Z372 lab,"['R 1:30-5:20p', 'R 9a-12:50p', 'T 1:30-5:20p', 'W 1:30-5:20p']"
Z422 lab,"['M 2-4:50p', 'W 2-4:50p']"
Z425 lab,"['R 8-11:50a', 'R 1-4:50p']"
MB230 lab,"['M 10-11:50a', 'T 9-10:50a', 'W 10-11:50a']"
MB303 lab,"['M 1-4:50p', 'T 1-4:50p', 'R 1-4:50p']"
MB417 lab,"['W 1-4:50p']"
PH104 lab,"['T 8-9:50a', 'T 10-11:50a', 'T 4-5:50p', 'R 4-5:50p', 'R 8-9:50a', 'R 10-11:50a', 'T 2-3:50p', 'R 2-3:50p']"
PH201 lab,"['T 6-7:50p', 'W 10-11:50a', 'T 8-9:50a', 'T 10-11:50a', 'T 12-1:50p', 'T 2-3:50p', 'T 4-5:50p', 'R 4-5:50p', 'R 6-7:50p', 'R 8-9:50a', 'R 10-11:50a', 'R 12-1:50p', 'R 2-3:50p', 'F 2-3:50p', 'F 4-5:50p', 'F 12-1:50p', 'F 6-7:50p', 'W 12-1:50p', 'W 2-3:50p', 'W 4-5:50p']"
PH211 lab,"['T 12-2:50p', 'T 9-11:50a', 'T 3-5:50p', 'T 6-8:50p', 'W 9-11:50a', 'W 3-5:50p', 'R 9-11:50a', 'R 12-2:50p', 'R 3-5:50p', 'R 6-8:50p', 'M 6-8:50p', 'M 3-5:50p', 'F 3-5:50p', 'F 12-2:50p', 'F 9-11:50a']"
PH212 lab,"['R 12-1:50p', 'R 2-3:50p', 'R 4-5:50p', 'R 6-7:50p', 'F 8-9:50a', 'F 10-11:50a', 'R 10-11:50a', 'F 2-3:50p', 'F 4-5:50p', 'F 6-7:50p', 'M 8-9:50a', 'M 10-11:50a', 'M 12-1:50p', 'F 12-1:50p', 'M 2-3:50p', 'M 4-5:50p', 'M 6-7:50p', 'T 10-11:50a', 'T 12-1:50p', 'T 2-3:50p']"
PH213 lab,"['M 6-8:50p', 'T 9-11:50a', 'T 12-2:50p', 'T 3-5:50p', 'T 6-8:50p', 'M 12-2:50p', 'M 3-5:50p']"
PH411 lab,"['TR 9-11:50a', 'TR 9-11:50a']"
ST351 lab,"['W 2-3:20p', 'W 3:30-4:50p', 'W 5-6:20p', 'R 8-9:20a', 'R 9:30-10:50a', 'R 11a-12:20p', 'R 12:30-1:50p', 'R 2-3:20p', 'R 3:30-4:50p', 'R 5-6:20p', 'R 6:30-7:50p', 'W 6:30-7:50p', 'R 8-9:20p', 'W 8-9:20p']"
ST352 lab,"['M 3-4:20p', 'T 9-10:20a', 'T 5-6:20p', 'T 6:30-7:50p']"
ST411 lab,"['M 12-12:50p', 'M 2-2:50p', 'M 5-5:50p', 'T 11-11:50a', 'T 1-1:50p', 'T 4-4:50p']"
ST511 lab,"['M 12-12:50p', 'M 2-2:50p', 'M 5-5:50p', 'T 11-11:50a', 'T 1-1:50p', 'T 4-4:50p']"
ST541 lab,"['F 3-3:50p']"
ST551 lab,"['W 4-4:50p']"
GEO101 lab,"['M 2-3:50p', 'W 10-11:50a', 'W 2-3:50p', 'R 10-11:50a', 'T 10-11:50a', 'M 4-5:50p', 'T 4-5:50p', 'F 10-11:50a']"
GEO201 lab,"['M 2-3:50p; S 9a-3:50p', 'T 10-11:50a; S 9a-3:50p', 'R 9-10:50a; S 9a-3:50p', 'R 11a-12:50p; S 9a-3:50p']"
GEO310 lab,"['TR 1-2:50p', 'TR 3-4:50p']"
GEO322 lab,"['M 2-3:50p', 'T 1-2:50p']"
GEO481 lab,"['T 11a-12:50p']"
GEO487 lab,"['M 4-5:50p', 'W 4-5:50p']"
GEOG201 lab,"['F 10-11:50a', 'F 2-3:50p', 'M 10-11:50a']"
GEOG323 lab,"['W 2-3:50p']"
GEOG360 lab,"['R 4-5:50p', 'F 8-9:50a', 'F 12-1:50p']"
GEOG560 lab,"['W 2-3:50p', 'R 12-1:50p']"
GEOG580 lab,"['T 12-1:50p']"
ATS201 lab,"['R 3-4:50p', 'F 12-1:50p', 'F 2-3:50p']"
ATS301 lab,"['R 10-11:50a']"
ATS310 lab,"['T 10-11:50a']"
OC201 lab,"['R 8-9:50a', 'R 10-11:50a', 'R 12-1:50p', 'R 2-3:50p', 'F 12-1:50p']"
OC430 lab,"['F 3-3:50p']"
OEAS540 lab,"['W 3-4:50p']"
ENGR201 lab,"['F 12-1:50p', 'F 2-3:50p', 'R 12-1:50p', 'W 12-1:50p', 'F 10-11:50a', 'R 2-3:50p', 'M 4-5:50p', 'T 12-1:50p', 'W 2-3:50p', 'W 10-11:50a', 'T 2-3:50p']"
ENGR248 lab,"['M 2-3:50p', 'M 4-5:50p', 'W 2-3:50p', 'W 4-5:50p']"
CBEE414 lab,"['M 1-3:50p', 'T 12-2:50p', 'T 3-5:50p', 'R 9-11:50a', 'R 12-2:50p', 'R 3-5:50p', 'F 12-2:50p', 'W 9-11:50a', 'T 9-11:50a', 'W 1-3:50p']"
CHE445 lab,"['T 7-8:50p']"
ENVE421 lab,"['F 2-3:50p']"
ENVE536 lab,"['T 2-3:50p']"
CCE321 lab,"['W 4-5:50p', 'R 8-9:50a', 'R 2-3:50p', 'W 2-3:50p', 'R 10-11:50a', 'R 4-5:50p']"
CE361 lab,"['MF 3-4:50p', 'TR 12-1:50p', 'TR 9-10:50a', 'TR 3-4:50p']"
CE383 lab,"['T 2-3:50p']"
CE566 lab,"['MW 1-2:50p']"
CEM342 lab,"['W 8-9:50a', 'W 12-1:50p']"
CEM343 lab,"['F 8-9:50a', 'F 12-1:50p']"
CS162 lab,"['T 10-11:50a', 'T 2-3:50p', 'M 12-1:50p', 'M 2-3:50p', 'T 8-9:50a', 'T 12-1:50p', 'T 4-5:50p', 'F 10-11:50a', 'R 12-1:50p', 'R 2-3:50p']"
ECE272 lab,"['M 11a-1:50p', 'T 11a-1:50p', 'T 2-4:50p', 'R 11a-1:50p', 'R 2-4:50p']"
ECE375 lab,"['F 4-5:50p', 'W 10-11:50a', 'W 12-1:50p', 'W 2-3:50p', 'W 4-5:50p', 'F 2-3:50p', 'F 12-1:50p']"
ECE473 lab,"['F 11a-1:50p', 'W 2-4:50p', 'F 2-4:50p', 'W 9-11:50a']"
IE355 lab,"['T 12-1:50p', 'R 10-11:50a', 'F 2-3:50p']"
IE412 lab,"['F 8-9:50a', 'F 10-11:50a', 'F 12-1:50p']"
IE512 lab,"['W 12-1:50p']"
MATS322 lab,"['T 2-3:50p', 'T 4-5:50p', 'T 12-1:50p', 'T 10-11:50a']"
ME382 lab,"['R 8-9:50a', 'R 10-11:50a', 'R 12-1:50p', 'R 2-3:50p']"
ME383 lab,"['T 12-1:50p', 'T 4-5:50p', 'W 8-9:50a', 'W 10-11:50a']"
MFGE436 lab,"['F 10-11:50a', 'F 12-1:50p', 'F 2-3:50p', 'F 8-9:50a', 'F 4-5:50p']"
MFGE536 lab,"['F 10-11:50a', 'F 12-1:50p', 'F 2-3:50p', 'F 8-9:50a', 'F 4-5:50p']"
VMB711 lab,"['MWF 9-10:50a']"
VMB714 lab,"['TR 9-11:50a']"
VMB750 lab,"['R 9-10:50a']"
VMB759 lab,"['M 2-3:50p']"
VMB760 lab,"['W 2-3:50p']"
VMC773 lab,"['R 1-3:50p']"
VMC783 lab,"['W 1-4:50p']"
VMC785 lab,"['MT 12-1:50p; F 1-6:50p']"
MS111 lab,"['R 3-4:50p']"
KIN325 lab,"['M 2-3:50p', 'R 10-11:50a', 'W 12-1:50p', 'T 4-6:50p']"
KIN394 lab,"['W 2-3:50p']"
KIN395 lab,"['F 1-2:50p']"
KIN423 lab,"['TR 2-3:50p']"
KIN425 lab,"['R 2-3:50p', 'R 4-5:50p', 'R 6-7:50p', 'M 4-5:50p']"
KIN444 lab,"['F 5-7:20p']"
KIN586 lab,"['F 12-1:50p']"
NUTR235 lab,"['R 12-2:50p', 'W 12-2:50p']"
NUTR430 lab,"['T 12-1:50p', 'T 10-11:50a']"
H581 lab,"['F 9-9:50a']"
CH361H lab,"['TR 8-11:20a', 'TR 1-4:20p', 'WF 12-3:20p']"
ME382H lab,"['F 10-11:50a']"