ACTG 425 lecture,"['MW 8-9:50a']"
ACTG 427 lecture,"['MW 2-3:50p']"
AEC 211 lecture,"['TR 12-1:50p']"
AEC 243 lecture,"['TR 2-3:20p']"
AEC 311 lecture,"['MW 10-11:50a']"
AEC 351 lecture,"['TR 10-11:20a']"
AEC 411 lecture,"['TR 2-3:20p']"
AEC 442 lecture,"['TR 8-9:50a']"
AEC 511 lecture,"['TR 2-3:20p']"
AEC 611 lecture,"['TR 12-1:50p']"
AEC 625 lecture,"['MW 10-11:20a; F 1-1:50p']"
AEC 627 lecture,"['MW 2-3:50p']"
AEC 643 lecture,"['TR 10-11:20a']"
AED 556 lecture,"['R 4-6:50p']"
AED 580 lecture,"['TR 10-11:20a']"
AG 301 lecture,"['TR 6-7:20p']"
AG 311 lecture,"['TR 4-5:20p']"
AGRI 438 lecture,"['TR 2-2:50p']"
AI 531 lecture,"['TR 8-9:50a']"
AI 536 lecture,"['TR 10-11:50a']"
AI 539 lecture,"['MW 8-9:50a', 'TR 12-1:20p', 'TR 4-5:20p', 'MW 4-5:50p', 'MWF 3-3:50p']"
AJ 312 lecture,"['TR 10-11:20a']"
ALS 107 lecture,"['W 4-4:50p']"
ALS 114 lecture,"['WF 12-12:50p', 'TR 1-1:50p']"
ALS 139 lecture,"['TR 8:30-9:50a']"
ALS 150 lecture,"['MWF 8-9:50a']"
ALS 151 lecture,"['MWF 8-9:50a', 'MWF 3-4:50p']"
ALS 162 lecture,"['MWF 8-9:50a', 'MWF 4-5:50p', 'TR 3:30-6:20p']"
ALS 165 lecture,"['MWF 4-5:50p']"
ALS 174 lecture,"['MWF 8-9:50a']"
ALS 140 lecture,"['TR 3:30-4:50p', 'TR 3:30-4:50p']"
ALS 141 lecture,"['TR 8:30-9:50a', 'TR 8:30-9:50a']"
ALS 299 lecture,"['T 12-12:50p']"
ANS 216 lecture,"['MW 2-2:50p; S 8a-4:50p']"
ANS 251 lecture,"['TR 8-8:50a']"
ANS 302 lecture,"['TR 10-11:50a']"
ANS 314 lecture,"['TR 10-11:20a']"
ANS 420 lecture,"['TR 12-1:20p']"
ANS 431 lecture,"['MWF 9-9:50a']"
ANS 441 lecture,"['TR 12-1:20p']"
ANS 460 lecture,"['TR 4-5:20p']"
ANS 531 lecture,"['MWF 9-9:50a']"
ANS 541 lecture,"['TR 12-1:20p']"
ANS 662 lecture,"['TR 4-5:20p']"
ANTH 101 lecture,"['MW 9-9:50a']"
ANTH 240 lecture,"['TR 8:30-9:50a']"
ANTH 284 lecture,"['TR 12-1:50p']"
ANTH 318 lecture,"['MWF 9-9:50a']"
ANTH 330 lecture,"['MWF 3-3:50p']"
ANTH 350 lecture,"['MW 2-3:50p']"
ANTH 361 lecture,"['TR 12-1:50p']"
ANTH 421 lecture,"['TR 10-11:50a']"
ANTH 433 lecture,"['MW 12-1:50p']"
ANTH 444 lecture,"['TR 2-3:50p']"
ANTH 475 lecture,"['MW 12-1:50p']"
ANTH 521 lecture,"['TR 10-11:50a']"
ANTH 531 lecture,"['TR 12-1:50p']"
ANTH 533 lecture,"['MW 12-1:50p']"
ANTH 544 lecture,"['TR 2-3:50p']"
ANTH 591 lecture,"['TR 4-5:50p']"
ANTH 595 lecture,"['MW 10-11:50a']"
ARE 341 lecture,"['TR 12-1:50p']"
ARE 361 lecture,"['TR 10-11:50a']"
ARE 499 lecture,"['MW 9-10:50a']"
ARE 599 lecture,"['TR 12-1:50p', 'MW 9-10:50a']"
ART 310 lecture,"['TR 10-11:20a']"
ART 321 lecture,"['MWF 2-2:50p']"
INCE 194 lecture,"['TR 5-6:20p']"
ART 457 lecture,"['M 5-6:50p']"
AS 312 lecture,"['T 1-3:50p']"
AS 412 lecture,"['TR 10-11:20a']"
ATS 201 lecture,"['MWF 9-9:50a']"
ATS 420 lecture,"['TR 10-11:20a']"
ATS 520 lecture,"['TR 10-11:20a']"
BA 161 lecture,"['MW 10-10:50a; W 7-8:50p', 'TR 9-9:50a; W 7-8:50p', 'TR 10-10:50a; W 7-8:50p', 'TR 10-10:50a; W 7-8:50p', 'MW 11-11:50a; W 7-8:50p', 'MW 12-12:50p; W 7-8:50p', 'TR 11-11:50a; W 7-8:50p', 'TR 12-12:50p; W 7-8:50p', 'TR 12-12:50p; W 7-8:50p', 'MW 2-2:50p; W 7-8:50p', 'TR 1-1:50p; W 7-8:50p', 'TR 2-2:50p; W 7-8:50p', 'TR 3-3:50p; W 7-8:50p', 'MW 1-1:50p; W 7-8:50p', 'MW 12-12:50p; W 7-8:50p', 'MW 2-2:50p; W 7-8:50p', 'TR 2-2:50p; W 7-8:50p', 'TR 3-3:50p; W 7-8:50p', 'TR 11-11:50a; W 7-8:50p', 'TR 11-11:50a; W 7-8:50p', 'TR 1-1:50p; W 7-8:50p', 'TR 1-1:50p; W 7-8:50p', 'TR 2-2:50p; W 7-8:50p', 'TR 2-2:50p; W 7-8:50p']"
BA 167 lecture,"['MW 11-11:50a; W 7-8:50p', 'MW 11-11:50a; W 7-8:50p', 'MW 1-1:50p; W 7-8:50p', 'MW 1-1:50p; W 7-8:50p']"
BA 211 lecture,"['MW 12-1:50p; W 7-8:50p', 'MW 2-3:50p; W 7-8:50p', 'TR 8-9:50a; W 7-8:50p']"
BA 213 lecture,"['MW 8-9:50a; W 7-8:50p', 'MW 10-11:50a; W 7-8:50p', 'MW 12-1:50p; W 7-8:50p', 'TR 2-3:50p; W 7-8:50p']"
BA 223 lecture,"['MW 10-11:50a', 'MW 4-5:50p']"
BA 230 lecture,"['MW 8-9:50a', 'MW 12-1:50p', 'TR 4-5:50p']"
BA 260 lecture,"['MW 10-11:50a', 'MW 12-1:50p', 'MW 4-5:50p', 'TR 8-9:50a', 'TR 10-11:50a']"
BA 270 lecture,"['TR 8-9:50a', 'TR 10-11:50a', 'TR 2-3:50p']"
BA 275 lecture,"['MW 8-9:50a', 'TR 8-9:50a', 'TR 10-11:50a']"
BA 280 lecture,"['MW 9-9:50a']"
BA 281 lecture,"['MW 4-5:20p', 'MW 5:30-6:50p', 'TR 4-5:20p']"
BA 315 lecture,"['MW 12-1:50p']"
BA 330 lecture,"['MW 2-3:50p']"
BA 347 lecture,"['TR 8-9:50a']"
BA 352 lecture,"['MW 2-3:50p']"
BA 354 lecture,"['MW 12-1:50p', 'MW 2-3:50p', 'MW 4-5:50p', 'TR 10-11:50a']"
BA 357 lecture,"['MW 8-9:50a', 'MW 10-11:50a', 'TR 2-3:50p', 'TR 4-5:50p']"
BA 370 lecture,"['MW 8-9:50a', 'MW 12-1:50p', 'MW 2-3:50p']"
BA 375 lecture,"['MW 10-11:50a', 'MW 4-5:50p', 'TR 10-11:50a', 'TR 12-1:50p']"
BA 381 lecture,"['MW 10-11:50a', 'TR 10-11:50a']"
BA 390 lecture,"['TR 2-3:50p']"
BA 458 lecture,"['TR 2-3:50p']"
BA 466 lecture,"['TR 10-11:50a', 'TR 12-1:50p']"
BA 512 lecture,"['MW 8-9:50a']"
BA 515 lecture,"['R 12-2:50p', 'R 12-2:50p']"
BA 540 lecture,"['R 3-5:50p']"
BA 555 lecture,"['R 6-8:50p']"
BA 561 lecture,"['T 12-2:50p', 'T 6-8:50p']"
BA 590 lecture,"['W 6-8:50p']"
BA 613 lecture,"['R 2-4:50p']"
BA 661 lecture,"['W 2-4:50p']"
BANA 450 lecture,"['T 4-5:50p']"
BANA 470 lecture,"['M 6-8:50p']"
BANA 471 lecture,"['M 3-5:50p']"
BANA 570 lecture,"['M 12-2:50p', 'M 6-8:50p']"
BANA 571 lecture,"['M 3-5:50p', 'T 6-8:50p']"
BB 314 lecture,"['TR 2-3:20p']"
BB 317 lecture,"['TR 10-11:20a']"
BB 360 lecture,"['MWF 9-9:50a']"
BB 450 lecture,"['MWF 9-9:50a']"
BB 482 lecture,"['MWF 1-1:50p']"
BB 485 lecture,"['MWF 9-9:50a']"
BB 494 lecture,"['T 4-4:50p']"
BB 550 lecture,"['MWF 9-9:50a']"
BB 582 lecture,"['MWF 1-1:50p']"
BB 585 lecture,"['MWF 9-9:50a']"
BB 651 lecture,"['TR 4-5:20p']"
BB 699 lecture,"['W 12-1:50p']"
BDS 311 lecture,"['TR 10-11:20a']"
BDS 420 lecture,"['T 4-4:50p']"
BDS 475 lecture,"['TR 1-1:50p']"
BDS 478 lecture,"['TR 2-3:20p']"
BDS 575 lecture,"['TR 1-1:50p']"
BDS 578 lecture,"['TR 2-3:20p']"
BDS 599 lecture,"['TR 10-10:50a', 'MW 2-2:50p', 'MW 2-2:50p']"
BEE 221 lecture,"['TR 10-11:20a']"
BEE 312 lecture,"['TR 12-1:20p']"
BEE 482 lecture,"['MWF 1-1:50p']"
BEE 549 lecture,"['TR 8:30-9:50a']"
BHS 107 lecture,"['W 5-6:50p']"
BI 102 lecture,"['TR 10-10:50a']"
BI 222 lecture,"['MWF 1-1:50p']"
BI 232 lecture,"['MWF 9-9:50a']"
BI 311 lecture,"['MWF 9-9:50a']"
BI 332 lecture,"['TR 8:30-9:50a']"
BI 347 lecture,"['TR 12-1:20p']"
BI 351 lecture,"['MWF 9-9:50a']"
BI 370 lecture,"['TR 12-1:20p', 'TR 12-1:20p']"
BI 445 lecture,"['TR 2-3:20p']"
BI 481 lecture,"['MWF 2-2:50p']"
BI 485 lecture,"['TR 2-3:20p']"
BIOE 420 lecture,"['TR 8-8:50a']"
BIOE 492 lecture,"['WF 8-9:50a']"
BIOE 520 lecture,"['TR 8-8:50a']"
BIS 371 lecture,"['TR 10-11:50a']"
BIS 471 lecture,"['MW 10-11:50a']"
BOT 313 lecture,"['TR 12-12:50p']"
BOT 331 lecture,"['MWF 9-9:50a']"
BOT 411 lecture,"['T 4-4:50p']"
BOT 488 lecture,"['MWF 3-3:50p']"
BOT 588 lecture,"['MWF 3-3:50p']"
BOT 599 lecture,"['T 4-4:50p']"
BRR 200 lecture,"['W 4-5:50p']"
BRR 406 lecture,"['W 4-4:50p']"
CBEE 212 lecture,"['MF 2-2:50p', 'MF 9-9:50a', 'MF 2-2:50p']"
CCE 203 lecture,"['TR 2-3:20p']"
CCE 525 lecture,"['TR 4-5:20p']"
CCE 529 lecture,"['MW 8-9:20a']"
CCE 599 lecture,"['TR 10-11:20a']"
CCE 623 lecture,"['TR 10-11:50a']"
CCE 624 lecture,"['TR 4-5:50p']"
CE 202 lecture,"['TR 10-11:20a']"
CE 311 lecture,"['MWF 9-9:50a']"
CE 313 lecture,"['MWF 9-9:50a']"
MF 11 lecture,"['MF 11-11:50a']"
CE 383 lecture,"['MW 4-5:20p']"
CE 411 lecture,"['MW 12-1:50p']"
CE 413 lecture,"['TR 4-5:20p']"
CE 417 lecture,"['TR 2-3:50p']"
CE 418 lecture,"['MW 1-1:50p']"
CE 427 lecture,"['TR 10-11:50a']"
CE 465 lecture,"['MWF 9-9:50a']"
CE 482 lecture,"['R 6-8:50p']"
CE 484 lecture,"['TR 12-1:20p']"
CE 486 lecture,"['TR 6-7:20p']"
CE 511 lecture,"['MW 12-1:50p']"
CE 513 lecture,"['TR 4-5:20p']"
CE 516 lecture,"['TR 12-1:50p']"
CE 517 lecture,"['TR 2-3:50p']"
CE 527 lecture,"['TR 10-11:50a']"
CE 532 lecture,"['MW 2-3:50p']"
CE 537 lecture,"['TR 8-9:50a']"
CE 561 lecture,"['MW 4-4:50p']"
CE 562 lecture,"['MW 1-1:50p']"
CE 565 lecture,"['MWF 9-9:50a']"
CE 568 lecture,"['TR 1-2:20p']"
CE 571 lecture,"['MW 2-3:50p']"
CE 576 lecture,"['MW 12-1:20p']"
CE 582 lecture,"['R 6-8:50p']"
CE 584 lecture,"['TR 12-1:20p']"
CE 586 lecture,"['TR 6-7:20p']"
CE 593 lecture,"['TR 1-2:50p']"
CE 594 lecture,"['TR 8-9:50a']"
CE 596 lecture,"['MW 2-3:20p']"
CE 631 lecture,"['MW 10-11:20a']"
CE 645 lecture,"['MW 12-1:20p']"
CEM 311 lecture,"['MW 2-3:20p; F 2-2:50p']"
CEM 441 lecture,"['MW 8-9:50a']"
CEM 443 lecture,"['MW 4-5:50p']"
CEM 471 lecture,"['TR 2-3:50p']"
CEM 541 lecture,"['MW 8-9:50a']"
CEM 551 lecture,"['TR 10-11:50a']"
CH 201 lecture,"['TR 8:30-9:50a', 'TR 2-3:20p']"
CH 202 lecture,"['TR 10-11:20a', 'TR 12-1:20p', 'TR 4-5:20p']"
CH 332 lecture,"['MWF 2-2:50p; R 7-8:20p']"
CH 362 lecture,"['M 4-4:50p', 'M 4-4:50p']"
CH 412 lecture,"['TR 12-1:20p']"
CH 422 lecture,"['TR 8:30-9:50a']"
CH 441 lecture,"['MWF 9-9:50a']"
CH 462 lecture,"['W 1-1:50p', 'W 1-1:50p']"
CH 512 lecture,"['TR 10-11:50a']"
CH 522 lecture,"['TR 8:30-9:50a']"
CH 541 lecture,"['MWF 9-9:50a']"
CH 553 lecture,"['TR 8:30-9:50a']"
CH 615 lecture,"['WF 8-9:50a']"
CH 631 lecture,"['MWF 9-9:50a; W 8-8:50a']"
TWR 10 lecture,"['TWR 10-11:20a']"
CHE 311 lecture,"['MW 10-10:50a']"
CHE 312 lecture,"['MW 10-10:50a']"
CHE 331 lecture,"['TR 12-1:20p']"
CHE 332 lecture,"['TR 12-12:50p', 'TR 12-12:50p']"
CHE 333 lecture,"['TR 8-8:50a']"
CHE 361 lecture,"['TR 10-10:50a']"
CHE 415 lecture,"['M 4-4:50p', 'W 2-2:50p']"
CHE 431 lecture,"['WF 12-12:50p', 'WF 11-11:50a']"
CHE 446 lecture,"['TR 10-11:20a']"
CHE 451 lecture,"['TR 8-9:20a']"
CHE 514 lecture,"['MW 8-9:20a']"
CHE 540 lecture,"['TR 10-11:20a']"
CHE 542 lecture,"['TR 10-11:20a']"
CHE 546 lecture,"['TR 10-11:20a']"
CHE 551 lecture,"['TR 8-9:20a']"
COMM 111 lecture,"['M 2-2:50p', 'M 1-1:50p', 'MWF 3-3:50p', 'MWF 2-2:50p', 'MWF 9-9:50a', 'TR 2-3:20p']"
COMM 114 lecture,"['M 9-9:50a']"
COMM 218 lecture,"['MWF 9-9:50a', 'MWF 9-9:50a']"
COMM 320 lecture,"['MW 4-5:20p']"
COMM 321 lecture,"['TR 10-11:20a']"
COMM 324 lecture,"['TR 12-1:20p']"
COMM 412 lecture,"['MWF 9-9:50a']"
COMM 416 lecture,"['TR 2-3:20p']"
COMM 418 lecture,"['R 4-6:50p']"
COMM 459 lecture,"['W 4-6:50p']"
COMM 512 lecture,"['MWF 9-9:50a']"
COMM 516 lecture,"['TR 2-3:20p']"
COMM 518 lecture,"['R 4-6:50p']"
COMM 559 lecture,"['W 4-6:50p']"
COMM 599 lecture,"['T 4-6:50p']"
CROP 325 lecture,"['TR 10-11:20a']"
CROP 440 lecture,"['MWF 9-9:50a']"
CROP 540 lecture,"['MWF 9-9:50a']"
CS 162 lecture,"['MWF 10-10:50a']"
CS 261 lecture,"['TR 12-1:20p', 'TR 2-3:20p']"
CS 271 lecture,"['TR 10-11:50a']"
CS 321 lecture,"['TR 2-3:20p']"
CS 325 lecture,"['TR 12-1:50p', 'TR 2-3:50p']"
CS 344 lecture,"['MW 12-1:50p']"
CS 361 lecture,"['TR 4-5:50p']"
CS 362 lecture,"['MW 4-5:50p']"
CS 372 lecture,"['TR 2-3:50p']"
CS 381 lecture,"['MW 10-11:50a']"
CS 427 lecture,"['MW 8-9:50a']"
CS 440 lecture,"['TR 12-1:50p']"
CS 446 lecture,"['MW 4-5:20p']"
CS 457 lecture,"['MW 10-11:50a']"
CS 476 lecture,"['TR 10-11:50a']"
CS 492 lecture,"['TR 2-3:50p']"
CS 494 lecture,"['MW 2-3:50p']"
CS 499 lecture,"['MW 12-1:50p', 'F 1-1:50p', 'MW 4-5:50p', 'MW 2-3:50p', 'MF 2-2:50p', 'TR 4-5:20p']"
CS 515 lecture,"['TR 2-3:50p']"
CS 527 lecture,"['MW 2-3:50p']"
CS 529 lecture,"['MW 8-9:50a']"
CS 540 lecture,"['TR 4-5:50p']"
CS 546 lecture,"['MW 4-5:20p']"
CS 551 lecture,"['MW 12-1:50p']"
CS 554 lecture,"['MW 4-5:50p']"
CS 557 lecture,"['MW 10-11:50a']"
CS 559 lecture,"['MF 2-2:50p', 'TR 4-5:20p']"
CS 564 lecture,"['MW 2-3:50p']"
CS 565 lecture,"['MW 12-1:50p']"
CS 570 lecture,"['TR 8-9:50a']"
CS 576 lecture,"['TR 10-11:50a']"
CS 579 lecture,"['TR 12-1:50p']"
CSSA 520 lecture,"['W 4-6:50p']"
CSSA 552 lecture,"['M 4-6:50p']"
CSSA 554 lecture,"['R 4-6:50p']"
CSSA 557 lecture,"['W 4-4:50p']"
DSGN 226 lecture,"['MW 12-1:50p']"
DSGN 244 lecture,"['TR 2-3:50p']"
DSGN 253 lecture,"['TR 12-1:20p']"
DSGN 255 lecture,"['TR 10-11:50a']"
DSGN 327 lecture,"['MW 2-2:50p']"
DSGN 428 lecture,"['TR 8-9:50a']"
DSGN 429 lecture,"['TR 11-11:50a']"
DSGN 441 lecture,"['MW 8-9:50a']"
ECE 331 lecture,"['TR 12-1:50p']"
ECE 341 lecture,"['W 4-5:50p']"
ECE 342 lecture,"['WF 4-4:50p']"
ECE 351 lecture,"['TR 10-11:20a']"
ECE 352 lecture,"['TR 10-11:20a']"
ECE 353 lecture,"['TR 8:30-9:50a']"
ECE 372 lecture,"['TR 2-3:50p']"
ECE 375 lecture,"['TR 4-5:20p']"
ECE 390 lecture,"['TR 4-5:50p']"
ECE 391 lecture,"['TR 2-3:20p']"
ECE 417 lecture,"['TR 2-3:50p']"
ECE 423 lecture,"['MW 2-3:50p']"
ECE 442 lecture,"['F 12-1:50p']"
ECE 462 lecture,"['MW 10-11:50a']"
ECE 471 lecture,"['TR 12-1:20p']"
ECE 476 lecture,"['TR 10-11:50a']"
ECE 482 lecture,"['TR 8-9:50a']"
ECE 517 lecture,"['TR 2-3:50p']"
ECE 523 lecture,"['MW 2-3:50p']"
ECE 536 lecture,"['TR 8:30-9:50a']"
ECE 538 lecture,"['MW 10-11:50a']"
ECE 550 lecture,"['MW 12-1:50p']"
ECE 562 lecture,"['MW 10-11:50a']"
ECE 566 lecture,"['TR 10-11:50a']"
ECE 570 lecture,"['TR 8-9:50a']"
ECE 571 lecture,"['TR 12-1:20p']"
ECE 576 lecture,"['TR 10-11:50a']"
ECE 582 lecture,"['TR 8-9:50a']"
ECE 599 lecture,"['MW 2-3:50p', 'MW 4-5:50p', 'TR 12-1:50p', 'MWF 3-3:50p']"
ECE 615 lecture,"['TR 2-3:20p']"
ECON 201 lecture,"['TR 12-1:50p', 'TR 10-11:50a', 'TR 4-5:50p']"
ECON 202 lecture,"['MW 10-11:50a', 'MW 12-1:50p']"
ECON 311 lecture,"['TR 12-1:50p']"
ECON 350 lecture,"['TR 10-11:50a']"
ECON 423 lecture,"['MW 8-9:50a']"
ECON 427 lecture,"['MW 10-11:50a']"
ECON 439 lecture,"['TR 10-11:50a']"
ECON 441 lecture,"['MW 4-5:50p']"
ECON 455 lecture,"['MW 12-1:50p']"
ECON 466 lecture,"['TR 2-3:50p']"
ECON 499 lecture,"['MW 2-3:50p']"
ECON 524 lecture,"['MW 2-3:50p']"
ECON 539 lecture,"['MW 10-11:50a']"
ECON 541 lecture,"['MW 4-5:50p']"
ECON 555 lecture,"['MW 12-1:50p']"
ECON 566 lecture,"['TR 2-3:50p']"
ED 216 lecture,"['TR 10-11:20a', 'T 5:30-8:20p']"
ED 219 lecture,"['M 5-7:50p', 'WF 12-1:20p']"
ED 253 lecture,"['R 4-6:50p']"
ED 427 lecture,"['R 4-5:50p']"
ED 456 lecture,"['M 12-2:50p']"
ED 457 lecture,"['W 2-4:50p']"
ED 493 lecture,"['T 4-5:50p']"
ED 622 lecture,"['R 4-6:50p']"
ED 651 lecture,"['T 4-6:50p']"
ENG 104 lecture,"['MWF 1-1:50p', 'TR 12-1:20p']"
ENG 109 lecture,"['TR 10-11:20a']"
ENG 205 lecture,"['TR 2-3:50p']"
ENG 214 lecture,"['MW 10-11:50a']"
ENG 302 lecture,"['TR 2-3:50p']"
ENG 320 lecture,"['MW 2-3:50p']"
ENG 345 lecture,"['MW 8-9:50a']"
ENG 465 lecture,"['TR 10-11:50a']"
ENG 485 lecture,"['MW 10-11:50a']"
ENG 530 lecture,"['MW 12-1:50p']"
ENG 565 lecture,"['TR 10-11:50a']"
ENG 585 lecture,"['MW 10-11:50a']"
ENGR 100 lecture,"['MF 2-2:50p', 'MF 4-4:50p']"
ENGR 103 lecture,"['MW 10-10:50a', 'MF 2-2:50p']"
ENGR 201 lecture,"['TR 10-10:50a', 'MW 9-9:50a']"
ENGR 202 lecture,"['TR 9-9:50a']"
ENGR 211 lecture,"['MW 3-3:50p']"
ENGR 212 lecture,"['MWF 8-8:50a']"
ENGR 213 lecture,"['TR 8:30-9:50a']"
ENGR 248 lecture,"['TR 1-1:50p']"
ENGR 390 lecture,"['TR 10-11:20a']"
ENGR 415 lecture,"['MW 4-5:50p']"
ENGR 520 lecture,"['T 8-8:50a', 'T 12-12:50p']"
ENGR 521 lecture,"['W 8-8:50a', 'W 12-12:50p']"
ENGR 555 lecture,"['TR 12-1:20p']"
ENSC 452 lecture,"['TR 8:30-9:50a']"
ENSC 520 lecture,"['F 2-4:50p']"
ENVE 322 lecture,"['MWF 1-1:50p']"
ENVE 415 lecture,"['T 4-5:50p']"
ENVE 541 lecture,"['TR 2-3:50p']"
ES 101 lecture,"['TR 8:30-9:50a', 'TR 10-11:20a']"
ES 201 lecture,"['TR 12-1:20p']"
ES 211 lecture,"['MW 10-11:50a']"
ES 213 lecture,"['MW 2-3:50p']"
ES 350 lecture,"['MW 12-1:50p']"
ES 444 lecture,"['TR 12-1:50p']"
ES 544 lecture,"['TR 12-1:50p']"
FE 102 lecture,"['M 12-1:50p']"
FE 257 lecture,"['MW 2-2:50p']"
FE 315 lecture,"['MW 4-5:20p']"
FE 415 lecture,"['TR 8-8:50a']"
FE 436 lecture,"['TR 8-9:20a']"
FE 440 lecture,"['MW 11-11:50a']"
FE 459 lecture,"['M 8-9:50a']"
FE 470 lecture,"['MWF 3-3:50p']"
FE 480 lecture,"['M 4-4:50p']"
FE 515 lecture,"['TR 8-8:50a']"
FE 536 lecture,"['TR 8-9:20a']"
FE 540 lecture,"['MW 11-11:50a']"
FE 570 lecture,"['MWF 3-3:50p']"
FE 640 lecture,"['MF 4-5:20p']"
FES 422 lecture,"['TR 2-3:20p']"
FES 452 lecture,"['MWF 9-9:50a']"
FES 485 lecture,"['TR 12-1:20p']"
FES 521 lecture,"['TR 9-10:20a']"
FES 522 lecture,"['TR 2-3:20p']"
FES 524 lecture,"['TR 10-11:20a']"
FES 585 lecture,"['TR 12-1:20p']"
FES 599 lecture,"['T 4-4:50p']"
FES 699 lecture,"['W 12-12:50p']"
FILM 125 lecture,"['TR 2-3:20p; T 6-9:50p']"
FILM 265 lecture,"['TR 10-11:20a; R 6-9:50p']"
FIN 341 lecture,"['TR 12-1:50p', 'TR 2-3:50p']"
FIN 442 lecture,"['TR 8-9:50a']"
FIN 461 lecture,"['TR 2-3:50p']"
FIN 462 lecture,"['TR 4-5:50p']"
FIN 463 lecture,"['TR 2-3:50p']"
FIN 464 lecture,"['TR 4-5:50p']"
FIN 542 lecture,"['R 8-10:50a']"
FIN 546 lecture,"['T 8-10:50a']"
FOR 322 lecture,"['MW 1-1:50p']"
FOR 459 lecture,"['M 8-9:50a']"
FOR 460 lecture,"['TR 12-1:20p']"
FOR 524 lecture,"['TR 2-3:20p']"
FOR 528 lecture,"['M 2-3:50p']"
FR 112 lecture,"['MTRF 9-9:50a']"
FR 212 lecture,"['MTRF 1-1:50p']"
FR 312 lecture,"['TR 4-5:20p']"
FR 339 lecture,"['TR 12-1:20p']"
FST 212 lecture,"['MW 11-11:50a']"
FST 420 lecture,"['TR 12-1:20p']"
FST 423 lecture,"['MWF 1-1:50p']"
FST 461 lecture,"['M 10-10:50a']"
FST 466 lecture,"['MWF 3-3:50p']"
FST 473 lecture,"['MWF 2-2:50p']"
FST 499 lecture,"['MW 8-8:50a']"
FST 520 lecture,"['TR 12-1:20p']"
FST 523 lecture,"['MWF 1-1:50p']"
FST 561 lecture,"['M 10-10:50a']"
FST 566 lecture,"['MWF 3-3:50p']"
FST 573 lecture,"['MWF 2-2:50p']"
FST 599 lecture,"['T 12-1:50p']"
FW 209 lecture,"['M 4-4:50p']"
FW 307 lecture,"['T 4-6:20p']"
FW 317 lecture,"['TR 12-1:20p']"
FW 320 lecture,"['TR 10-11:20a']"
FW 435 lecture,"['TR 12-1:20p']"
FW 452 lecture,"['MWF 9-9:50a']"
FW 473 lecture,"['MW 10-11:20a']"
FW 488 lecture,"['TR 10-11:20a']"
FW 535 lecture,"['TR 12-1:20p']"
FW 599 lecture,"['T 4-4:50p']"
GD 269 lecture,"['TR 8-9:20a']"
GEO 100 lecture,"['TR 2-3:20p']"
GEO 315 lecture,"['MW 12-12:50p; SU 8a-4:50p; F 4-7:50p']"
GEO 331 lecture,"['MWF 2-2:50p']"
GEO 370 lecture,"['MWF 3-3:50p']"
GEO 380 lecture,"['MWF 1-1:50p']"
GEO 430 lecture,"['MWF 9-9:50a']"
GEO 433 lecture,"['TR 12-1:20p']"
GEO 484 lecture,"['MWF 9-9:50a']"
GEO 486 lecture,"['TR 12-1:20p']"
GEO 530 lecture,"['MWF 9-9:50a']"
GEO 533 lecture,"['TR 12-1:20p']"
GEOG 105 lecture,"['MW 4-4:50p']"
GEOG 201 lecture,"['TR 8:30-9:50a']"
GEOG 203 lecture,"['TR 12-1:20p']"
GEOG 314 lecture,"['TR 12-1:20p']"
GEOG 332 lecture,"['TR 2-3:20p']"
GEOG 360 lecture,"['TR 12-1:20p']"
GEOG 361 lecture,"['MW 12-1:20p']"
GEOG 423 lecture,"['MWF 9-9:50a']"
GEOG 433 lecture,"['MWF 1-1:50p']"
GEOG 440 lecture,"['TR 10-11:20a']"
GEOG 452 lecture,"['TR 8:30-9:50a']"
GEOG 481 lecture,"['TR 8:30-9:50a']"
GEOG 512 lecture,"['R 4-6:50p']"
GEOG 523 lecture,"['MWF 9-9:50a']"
GEOG 533 lecture,"['MWF 1-1:50p']"
GEOG 540 lecture,"['TR 10-11:20a']"
GEOG 552 lecture,"['TR 8:30-9:50a']"
GEOG 561 lecture,"['MW 10-11:20a']"
GEOG 581 lecture,"['TR 8:30-9:50a']"
GER 112 lecture,"['TR 12-1:50p']"
GER 399 lecture,"['MTWR 9-9:50a']"
GRAD 520 lecture,"['T 4-5:50p']"
GRAD 561 lecture,"['W 2-4:50p']"
H 220 lecture,"['TR 2-3:20p']"
H 225 lecture,"['MW 12-1:50p', 'TR 10-11:50a']"
H 250 lecture,"['MW 10-11:20a']"
H 312 lecture,"['TR 10-11:20a', 'TR 4-5:20p']"
H 319 lecture,"['TR 10-11:20a']"
H 320 lecture,"['W 4-6:50p']"
H 332 lecture,"['TR 2-3:20p']"
H 344 lecture,"['TR 2-3:20p']"
H 376 lecture,"['TR 12-1:20p']"
H 385 lecture,"['TR 12-1:20p']"
H 434 lecture,"['MW 1-2:20p']"
H 436 lecture,"['TR 8:30-9:50a']"
H 445 lecture,"['T 4-6:50p']"
H 448 lecture,"['W 4-6:50p']"
H 476 lecture,"['TR 4-5:50p']"
H 494 lecture,"['M 4-6:50p']"
H 512 lecture,"['TR 12-1:20p']"
H 515 lecture,"['R 4-6:50p']"
H 524 lecture,"['TR 10-11:20a']"
H 525 lecture,"['TR 12-1:20p']"
H 528 lecture,"['T 4-6:50p']"
H 534 lecture,"['MW 1-2:20p']"
H 537 lecture,"['TR 2-3:20p']"
H 538 lecture,"['TR 8:30-9:50a']"
H 547 lecture,"['TF 8:30-9:50a']"
H 548 lecture,"['W 4-6:50p']"
H 564 lecture,"['M 4-6:50p']"
H 571 lecture,"['TR 2-3:20p']"
H 582 lecture,"['TR 10-11:20a']"
H 593 lecture,"['MW 8:30-9:50a']"
H 594 lecture,"['M 4-6:50p']"
H 635 lecture,"['TR 12-1:20p']"
H 638 lecture,"['TR 8:30-9:50a']"
H 676 lecture,"['TR 4-5:20p']"
HDFS 240 lecture,"['MW 4-5:20p']"
HDFS 311 lecture,"['TR 10-11:50a']"
HDFS 313 lecture,"['MW 12-1:50p']"
HDFS 341 lecture,"['MW 10-11:50a']"
HDFS 361 lecture,"['MW 2-3:50p']"
HDFS 432 lecture,"['TR 2-3:20p']"
HDFS 447 lecture,"['MW 10-11:50a']"
HDFS 462 lecture,"['TR 12-1:50p']"
HDFS 516 lecture,"['MW 10-11:50a']"
HDFS 531 lecture,"['TR 10-11:50a']"
HDFS 630 lecture,"['MW 2-3:20p']"
HHS 231 lecture,"['MW 11-11:50a', 'TR 11-11:50a', 'MW 3-3:50p']"
HHS 580 lecture,"['MW 2-3:50p']"
HORT 315 lecture,"['MWF 9-9:50a']"
HORT 316 lecture,"['MWF 1-1:50p']"
HORT 406 lecture,"['W 4-4:50p']"
HORT 412 lecture,"['R 10-10:50a']"
HST 101 lecture,"['MW 2-3:50p']"
HST 103 lecture,"['MW 4-5:50p']"
HST 104 lecture,"['TR 8:30-9:50a', 'TR 12-1:20p']"
HST 106 lecture,"['TR 2-3:20p']"
HST 201 lecture,"['MW 8-9:50a']"
HST 202 lecture,"['TR 10-11:50a']"
HST 203 lecture,"['MW 12-1:50p']"
HST 210 lecture,"['MW 2-3:50p']"
HST 310 lecture,"['TR 2-3:50p']"
HST 314 lecture,"['TR 12-1:50p']"
HST 315 lecture,"['TR 12-1:50p']"
HST 317 lecture,"['MW 8-9:50a', 'TR 4-5:50p']"
HST 321 lecture,"['MW 10-11:50a']"
HST 351 lecture,"['TR 10-11:50a']"
HST 365 lecture,"['MW 10-11:50a']"
HST 388 lecture,"['MW 2-3:50p']"
HST 436 lecture,"['MW 12-1:50p']"
HST 481 lecture,"['MW 8-9:50a']"
HST 536 lecture,"['MW 12-1:50p']"
HST 581 lecture,"['MW 8-9:50a']"
HST 599 lecture,"['T 4-6:50p']"
HSTS 413 lecture,"['MW 12-1:50p']"
HSTS 417 lecture,"['TR 10-11:50a']"
HSTS 513 lecture,"['MW 12-1:50p']"
IB 512 lecture,"['M 11-11:50a']"
IB 531 lecture,"['TR 10-11:20a']"
IB 545 lecture,"['TR 2-3:20p']"
IB 577 lecture,"['TR 9-9:50a']"
IB 581 lecture,"['MWF 2-2:50p']"
IB 594 lecture,"['TR 10-11:50a']"
IE 212 lecture,"['MTWR 9-9:50a']"
IE 356 lecture,"['MW 2-3:50p']"
IE 366 lecture,"['TR 8:30-9:50a']"
IE 368 lecture,"['TR 12-1:20p']"
IE 415 lecture,"['TR 4-5:20p']"
IE 426 lecture,"['MW 10-11:50a']"
IE 470 lecture,"['TR 12-1:50p']"
IE 471 lecture,"['TR 10-11:20a']"
IE 499 lecture,"['MW 2-3:50p']"
IE 515 lecture,"['TR 4-5:20p', 'TR 4-5:20p']"
IE 563 lecture,"['TR 8:30-9:50a']"
IE 570 lecture,"['TR 12-1:50p']"
IE 599 lecture,"['MW 2-3:50p', 'W 4-6:50p']"
IEPA 002 lecture,"['MWF 8-8:50a; TR 8-9:20a']"
IEPA 007 lecture,"['MTWR 1-2:20p']"
IEPA 014 lecture,"['MTWR 1-2:20p']"
IEPA 046 lecture,"['MWF 8-9:50a']"
JPN 112 lecture,"['MWF 9-9:50a', 'MWF 1-1:50p']"
JPN 212 lecture,"['MWF 2-2:50p']"
KIN 312 lecture,"['TR 10-11:50a']"
KIN 321 lecture,"['MW 2-3:50p']"
KIN 324 lecture,"['MW 12-1:50p']"
KIN 325 lecture,"['MW 8-8:50a']"
KIN 380 lecture,"['MWF 8-8:50a']"
KIN 395 lecture,"['MW 11-11:50a']"
KIN 411 lecture,"['TR 2-3:20p']"
KIN 425 lecture,"['MW 2-3:20p']"
KIN 474 lecture,"['TR 10-10:50a']"
KIN 481 lecture,"['TR 10-11:20a', 'MW 4-5:20p']"
KIN 483 lecture,"['MWF 9-9:50a']"
KIN 525 lecture,"['TR 4-5:20p']"
KIN 531 lecture,"['W 4-6:50p']"
KIN 536 lecture,"['W 4-6:50p']"
KIN 541 lecture,"['W 5-7:50p']"
KIN 549 lecture,"['M 4-6:50p']"
KIN 554 lecture,"['TR 2-3:20p']"
KIN 559 lecture,"['M 2-2:50p']"
KIN 560 lecture,"['R 4-6:50p']"
KIN 566 lecture,"['TR 8-9:20a']"
KIN 568 lecture,"['TR 2-3:20p']"
KIN 585 lecture,"['MW 9-10:20a']"
LEAD 242 lecture,"['TR 2-3:20p']"
LEAD 430 lecture,"['M 2-4:50p']"
LEAD 530 lecture,"['M 2-4:50p']"
LING 201 lecture,"['MW 2-3:50p']"
MAST 201 lecture,"['TR 10-11:20a']" 
MAST 300 lecture,"['MW 2-3:50p']"
MATS 321 lecture,"['MW 10-11:50a']"
MATS 322 lecture,"['MW 11-11:50a']"
MATS 413 lecture,"['TR 8-9:50a']"
MATS 555 lecture,"['MW 12-12:50p']"
MATS 571 lecture,"['MW 10-11:50a']"
MATS 578 lecture,"['TR 10-11:50a']"
MATS 584 lecture,"['MW 8-9:50a']"
MB 230 lecture,"['MWF 4-4:50p']"
MB 302 lecture,"['MWF 9-9:50a']"
MB 385 lecture,"['TR 12-1:20p']"
MB 440 lecture,"['MWF 4-4:50p']"
MB 456 lecture,"['MWF 9-9:50a']"
MB 512 lecture,"['W 1-2:20p']"
MB 540 lecture,"['MWF 4-4:50p']"
MB 556 lecture,"['MWF 9-9:50a']"
MB 599 lecture,"['MWF 9-9:50a']"
ME 203 lecture,"['MW 12-12:50p']"
ME 311 lecture,"['TR 8-9:50a']"
ME 312 lecture,"['TR 10-11:50a']"
ME 317 lecture,"['MW 4-5:50p', 'MW 10-11:50a']"
ME 331 lecture,"['TR 4-5:50p', 'TR 8-9:50a']"
ME 351 lecture,"['MW 8-8:50a']"
ME 373 lecture,"['TR 12-1:50p']"
ME 383 lecture,"['TR 8:30-9:50a', 'TR 8:30-9:50a']"
ME 422 lecture,"['TR 12-1:50p']"
ME 424 lecture,"['TR 4-4:50p']"
ME 430 lecture,"['MW 2-3:50p', 'MW 2-3:50p']"
ME 450 lecture,"['TR 4-5:50p']"
ME 452 lecture,"['MW 11-11:50a']"
ME 499 lecture,"['MW 12-1:50p']"
ME 522 lecture,"['TR 12-1:50p']"
ME 523 lecture,"['MW 2-3:50p']"
ME 550 lecture,"['TR 4-5:50p']"
ME 552 lecture,"['TR 8:30-9:50a']"
ME 566 lecture,"['TR 2-3:20p']"
ME 599 lecture,"['MW 12-1:50p']"
ME 611 lecture,"['MW 10-11:50a']"
ME 617 lecture,"['TR 2-3:50p']"
ME 667 lecture,"['TR 12-1:20p']"
MFGE 336 lecture,"['MW 12-1:20p']"
MFGE 337 lecture,"['TR 10-11:20a']"
MFGE 436 lecture,"['MWF 9-9:50a']"
MFGE 437 lecture,"['TR 2-3:20p']"
MFGE 438 lecture,"['TR 2-2:50p']"
MFGE 525 lecture,"['MW 1-1:50p; M 11-11:50a']"
MFGE 536 lecture,"['MWF 9-9:50a']"
MFGE 538 lecture,"['TR 2-2:50p']"
MGMT 364 lecture,"['MW 12-1:50p', 'MW 2-3:50p']"
MIME 497 lecture,"['TR 2-3:50p']"
MIME 498 lecture,"['MW 4-5:50p']"
MRKT 451 lecture,"['R 4-5:50p']"
MRKT 486 lecture,"['TR 8-9:50a']"
MRKT 586 lecture,"['TR 4-5:50p']"
MRM 530 lecture,"['MW 8:30-9:50a']"
MS 112 lecture,"['W 11-11:50a', 'T 3-3:50p']"
MS 212 lecture,"['T 12-1:50p', 'W 10-11:50a']"
MS 312 lecture,"['T 2-4:50p']"
MTH 103 lecture,"['TR 12-1:50p']"
MTH 105 lecture,"['MW 12-12:50p']"
MTH 111 lecture,"['TR 10-11:20a', 'TR 4-5:20p', 'TR 8-9:20a', 'MWF 9-9:50a', 'TR 12-1:20p; WF 12-12:50p']"
MTH 112 lecture,"['MWF 2-2:50p', 'MWF 1-1:50p']"
MTH 212 lecture,"['MW 2-3:50p', 'MW 8-9:50a']"
MTH 227 lecture,"['MWF 3-3:50p']"
MTH 241 lecture,"['MWF 3-3:50p']"
MTH 251 lecture,"['MWF 9-9:50a', 'MWF 1-1:50p']"
MTH 253 lecture,"['MWF 2-2:50p']"
MTH 254 lecture,"['MWF 9-9:50a', 'MWF 1-1:50p', 'MWF 2-2:50p', 'MWRF 4-4:50p', 'WF 2-3:50p']"
MTH 255 lecture,"['MW 2-3:50p']"
MTH 264 lecture,"['WF 12-1:50p']"
MTH 265 lecture,"['WF 12-1:50p']"
MTH 310 lecture,"['MWF 1-1:50p']"
MTH 312 lecture,"['MWF 2-2:50p']"
MTH 333 lecture,"['MWF 9-9:50a']"
MTH 341 lecture,"['MWF 2-2:50p']"
MTH 342 lecture,"['MWF 1-1:50p']"
MTH 351 lecture,"['MWF 9-9:50a']"
MTH 428 lecture,"['MWF 2-2:50p']"
MTH 434 lecture,"['MWF 1-1:50p']"
MTH 440 lecture,"['MWF 2-2:50p']"
MTH 467 lecture,"['MWF 3-3:50p']"
MTH 480 lecture,"['TR 10-11:20a']"
MTH 482 lecture,"['MWF 9-9:50a']"
MTH 492 lecture,"['MWF 3-3:50p']"
MTH 512 lecture,"['MWF 9-9:50a']"
MTH 525 lecture,"['MWF 2-2:50p']"
MTH 528 lecture,"['MWF 2-2:50p']"
MTH 531 lecture,"['MWF 3-3:50p']"
MTH 534 lecture,"['MWF 1-1:50p']"
MTH 540 lecture,"['MWF 2-2:50p']"
MTH 567 lecture,"['MWF 3-3:50p']"
MTH 582 lecture,"['MWF 9-9:50a']"
MTH 592 lecture,"['MWF 3-3:50p']"
MTH 621 lecture,"['MWF 1-1:50p']"
MTH 644 lecture,"['MWF 2-2:50p']"
MTH 649 lecture,"['MWF 2-2:50p', 'MWF 1-1:50p']"
MTH 655 lecture,"['MWF 3-3:50p']"
MTH 659 lecture,"['MWF 3-3:50p']"
MTH 676 lecture,"['MWF 3-3:50p']"
MUED 350 lecture,"['M 12-12:50p']"
MUED 470 lecture,"['TR 8:30-9:50a']"
MUS 103 lecture,"['TR 12-1:20p']"
MUS 112 lecture,"['TR 12-1:20p']"
MUS 122 lecture,"['TR 10-11:20a']"
MUS 199 lecture,"['R 4-4:50p']"
MUS 222 lecture,"['MWF 9-9:50a']"
MUS 303 lecture,"['TR 9-9:50a']"
MUS 316 lecture,"['TR 10-10:50a']"
MUS 399 lecture,"['R 4-4:50p']"
MUS 442 lecture,"['TR 2-3:20p']"
MUS 499 lecture,"['R 4-4:50p']"
NMC 101 lecture,"['TR 10-11:20a']"
NMC 240 lecture,"['MW 4-5:20p']"
NMC 260 lecture,"['TR 6-7:20p']"
NMC 356 lecture,"['TR 12-1:20p']"
NMC 382 lecture,"['TR 2-3:50p']"
NMC 399 lecture,"['MWF 3-3:50p']"
NMC 435 lecture,"['MWF 1-1:50p']"
NMC 457 lecture,"['M 5-6:50p']"
NMC 490 lecture,"['MWF 9-9:50a']"
NMC 499 lecture,"['TR 4-5:20p']"
NR 202 lecture,"['TR 12-1:20p']"
NR 312 lecture,"['TR 2-3:20p']"
NR 455 lecture,"['MW 2-3:50p']"
NS 112 lecture,"['TR 1-2:20p']"
NS 212 lecture,"['MWF 8-9:40a']"
NS 311 lecture,"['MWF 2-3:40p']"
NS 411 lecture,"['TR 12-2:20p']"
NS 421 lecture,"['MWF 8-9:20a']"
NSE 235 lecture,"['TR 2-3:20p']"
NSE 312 lecture,"['TR 10-11:50a']"
NSE 331 lecture,"['TR 2-3:50p', 'TR 8-9:50a']"
NSE 445 lecture,"['TR 8-9:20a']"
NSE 474 lecture,"['MW 12-1:50p']"
NSE 483 lecture,"['TR 2-3:20p']"
NSE 536 lecture,"['M 3-5:50p']"
NSE 545 lecture,"['TR 8-9:20a']"
NSE 565 lecture,"['TR 12-1:20p']"
NSE 574 lecture,"['MW 12-1:50p']"
NSE 583 lecture,"['TR 2-3:20p']"
NUTR 240 lecture,"['TR 10-11:20a']"
NUTR 312 lecture,"['MW 4-5:20p']"
NUTR 319 lecture,"['TR 2-3:20p']"
NUTR 325 lecture,"['TR 12-1:20p']"
NUTR 418 lecture,"['MW 10-11:50a']"
NUTR 423 lecture,"['MW 2-3:50p']"
NUTR 431 lecture,"['TR 8:30-9:50a']"
NUTR 446 lecture,"['TR 10-11:50a']"
NUTR 518 lecture,"['MW 10-11:50a']"
NUTR 523 lecture,"['MW 2-3:50p']"
NUTR 531 lecture,"['TR 8:30-9:50a']"
OC 201 lecture,"['MWF 1-1:50p']"
OC 295 lecture,"['T 3-3:50p']"
OC 332 lecture,"['TR 10-11:20a']"
OC 360 lecture,"['MWF 9-9:50a']"
OC 444 lecture,"['TR 12-1:20p']"
OC 495 lecture,"['TR 1-1:50p']"
OC 522 lecture,"['F 12-12:50p']"
OC 523 lecture,"['MWF 1-1:50p']"
OC 631 lecture,"['MW 10-11:20a']"
OC 671 lecture,"['MWRF 9-9:50a']"
OEAS 520 lecture,"['MWF 9-9:50a']"
PAX 201 lecture,"['TR 12-1:20p']"
PBG 441 lecture,"['TR 2-3:20p']"
PBG 541 lecture,"['TR 2-3:20p']"
PH 104 lecture,"['MWF 1-1:50p']"
PH 198 lecture,"['M 2-2:50p']"
PH 202 lecture,"['MWF 8-8:50a; W 7-8:20p', 'MWF 9-9:50a; W 7-8:20p', 'MWF 3-3:50p; W 7-8:20p']"
PH 212 lecture,"['MWF 2-2:50p; W 7-8:20p', 'MWF 3-3:50p; W 7-8:20p']"
PH 213 lecture,"['TR 9-9:50a; W 7-8:20p', 'TR 10-10:50a; W 7-8:20p', 'TR 4-4:50p; W 7-8:20p', 'MF 1-1:50p']"
PH 313 lecture,"['MWF 9-9:50a']"
PH 415 lecture,"['TR 9-9:50a', 'TR 9-9:50a']"
PH 422 lecture,"['MWF 1-1:50p; TR 12-1:50p; M 7-8:50p']"
PH 425 lecture,"['MWF 1-1:50p; TR 12-1:50p; M 7-8:50p']"
PH 515 lecture,"['TR 9-9:50a']"
PH 652 lecture,"['MWF 9-9:50a']"
PH 655 lecture,"['TR 10-11:20a']"
PHAR 201 lecture,"['F 10-10:50a']"
PHAR 548 lecture,"['MWF 9-9:50a']"
PHAR 704 lecture,"['R 4-4:50p']"
PHAR 708 lecture,"['F 12-1:50p']"
PHAR 714 lecture,"['TR 4-5:20p']"
PHAR 721 lecture,"['M 8-8:50a']"
PHAR 733 lecture,"['TR 10-11:20a']"
PHAR 739 lecture,"['TR 9-9:50a']"
PHAR 741 lecture,"['M 8-8:50a']"
PHAR 748 lecture,"['MWF 9-9:50a']"
PHAR 773 lecture,"['TR 2-3:20p']"
PHL 160 lecture,"['MW 8-9:50a', 'MW 4-5:50p']"
PHL 205 lecture,"['TR 10-11:50a', 'TR 8-9:50a']"
PHL 210 lecture,"['MW 2-3:50p']"
PHL 280 lecture,"['MW 10-11:50a']"
PHL 301 lecture,"['MW 2-3:50p']"
PHL 308 lecture,"['TR 10-11:50a']"
PHL 321 lecture,"['MW 10-11:50a']"
PHL 430 lecture,"['TR 2-3:50p']"
PHL 440 lecture,"['TR 12-1:20p']"
PHL 443 lecture,"['TR 8:30-9:50a', 'MW 8:30-9:50a']"
PHL 444 lecture,"['MW 4-5:50p', 'TR 4-5:50p', 'TR 10-11:50a']"
PHL 525 lecture,"['R 4-6:50p']"
PHL 530 lecture,"['TR 2-3:50p']"
PHL 540 lecture,"['TR 12-1:20p']"
PHL 542 lecture,"['W 4-6:50p']"
PHL 543 lecture,"['TR 8:30-9:50a']"
PHL 544 lecture,"['MW 4-5:50p', 'TR 4-5:50p']"
PPOL 399 lecture,"['W 5-5:50p']"
PPOL 421 lecture,"['MW 10-11:50a']"
PPOL 546 lecture,"['TR 12-1:50p']"
PS 201 lecture,"['MW 10-11:50a']"
PS 206 lecture,"['MW 2-3:50p']"
PS 300 lecture,"['MW 12-1:50p']"
PS 317 lecture,"['TR 12-1:50p']"
PS 331 lecture,"['MW 2-3:50p']"
PS 343 lecture,"['TR 10-11:50a']"
PS 356 lecture,"['TR 12-1:50p']"
PS 363 lecture,"['TR 2-3:50p']"
PS 375 lecture,"['MW 12-1:50p']"
PS 382 lecture,"['TR 2-3:50p']"
PS 427 lecture,"['TR 2-3:50p']"
PS 475 lecture,"['TR 10-11:50a']"
PS 477 lecture,"['MW 4-5:50p']"
PS 527 lecture,"['TR 2-3:50p']"
PS 575 lecture,"['TR 10-11:50a']"
PS 577 lecture,"['MW 4-5:50p']"
PSY 201 lecture,"['MW 10-11:50a', 'TR 10-11:50a', 'WF 4-5:50p']"
PSY 202 lecture,"['TR 12-1:50p', 'MW 2-3:50p', 'WF 4-5:50p', 'TR 2-3:50p', 'TR 2-3:50p']"
PSY 297 lecture,"['TR 12-1:50p']"
PSY 298 lecture,"['MW 8:30-9:50a']"
PSY 301 lecture,"['TR 8-9:50a', 'TR 12-1:50p', 'TR 2-3:50p', 'WF 12-1:50p', 'TR 10-11:50a']"
PSY 311 lecture,"['T 4-5:50p']"
PSY 330 lecture,"['MW 12-1:50p']"
PSY 340 lecture,"['TR 8-9:50a', 'TR 12-1:50p']"
PSY 350 lecture,"['TR 10-11:50a']"
PSY 370 lecture,"['WF 12-1:50p']"
PSY 381 lecture,"['MW 10-11:50a', 'TR 2-3:50p']"
PSY 426 lecture,"['WF 8-9:50a']"
PSY 427 lecture,"['TR 2-3:50p']"
PSY 440 lecture,"['WF 2-3:50p']"
PSY 442 lecture,"['WF 10-11:50a']"
PSY 456 lecture,"['WF 8-9:50a']"
PSY 476 lecture,"['MW 12-1:50p']"
PSY 480 lecture,"['WF 8-9:50a']"
PSY 482 lecture,"['TR 8-9:50a']"
PSY 483 lecture,"['WF 2-3:50p']"
PSY 485 lecture,"['TR 10-11:50a']"
PSY 499 lecture,"['TR 4-5:50p', 'TR 4-5:50p']"
PSY 526 lecture,"['WF 8-9:50a']"
PSY 527 lecture,"['TR 2-3:50p']"
PSY 542 lecture,"['WF 10-11:50a']"
PSY 556 lecture,"['WF 8-9:50a']"
PSY 561 lecture,"['MW 2-3:50p']"
PSY 576 lecture,"['MW 12-1:50p']"
PSY 582 lecture,"['TR 8-9:50a']"
PSY 583 lecture,"['WF 2-3:50p']"
PSY 585 lecture,"['TR 10-11:50a']"
PSY 599 lecture,"['TR 4-5:50p', 'TR 4-5:50p', 'TR 4-5:50p']"
QS 473 lecture,"['M 4-7:50p']"
QS 524 lecture,"['MW 12-1:50p']"
QS 573 lecture,"['M 4-7:50p']"
REL 160 lecture,"['MW 8-9:50a', 'MW 4-5:50p']"
REL 201 lecture,"['TR 12-1:20p']"
REL 210 lecture,"['MW 2-3:50p']"
REL 308 lecture,"['TR 10-11:50a']"
REL 388 lecture,"['MW 2-3:50p']"
REL 430 lecture,"['TR 2-3:50p']"
REL 443 lecture,"['TR 8:30-9:50a', 'MW 8:30-9:50a']"
REL 444 lecture,"['TR 10-11:50a']"
REL 530 lecture,"['TR 2-3:50p']"
REL 543 lecture,"['TR 8:30-9:50a']"
REL 544 lecture,"['MW 4-5:50p']"
RNG 341 lecture,"['TR 10-11:20a']"
RNG 352 lecture,"['TR 8-9:20a']"
RNG 442 lecture,"['TR 10-11:50a']"
RNG 491 lecture,"['TR 12-1:50p']"
RNG 542 lecture,"['TR 10-11:50a']"
ROB 534 lecture,"['MW 10-11:50a']"
SCLM 452 lecture,"['TR 12-1:50p']"
SCLM 453 lecture,"['T 3-5:50p']"
SCLM 457 lecture,"['TR 12-1:50p']"
SCLM 553 lecture,"['R 6-8:50p']"
SED 413 lecture,"['TR 10-11:20a']"
SED 459 lecture,"['M 3-5:50p']"
SOC 204 lecture,"['TR 10-11:20a']"
SOC 315 lecture,"['MW 12-1:50p']"
SOC 316 lecture,"['TR 12-1:50p']"
SOC 318 lecture,"['MW 12-1:50p']"
SOC 341 lecture,"['TR 2-3:50p']"
SOC 399 lecture,"['TR 12-1:50p']"
SOC 413 lecture,"['MW 10-11:50a']"
SOC 424 lecture,"['TR 8-9:50a']"
SOC 438 lecture,"['MW 2-3:50p']"
SOC 440 lecture,"['TR 10-11:50a']"
SOC 441 lecture,"['TR 10-11:50a']"
SOC 448 lecture,"['TR 2-3:50p']"
SOC 460 lecture,"['MW 6-7:50p']"
SOC 470 lecture,"['TR 12-1:50p']"
SOC 513 lecture,"['MW 10-11:50a']"
SOC 524 lecture,"['TR 8-9:50a']"
SOC 538 lecture,"['MW 2-3:50p']"
SOC 540 lecture,"['TR 10-11:50a']"
SOC 541 lecture,"['TR 10-11:50a']"
SOC 548 lecture,"['TR 2-3:50p']"
SOC 560 lecture,"['MW 6-7:50p']"
SOC 570 lecture,"['TR 12-1:50p']"
SOIL 205 lecture,"['WF 11-11:50a']"
SOIL 325 lecture,"['TR 10-11:20a']"
SOIL 455 lecture,"['TR 10-11:20a']"
SOIL 515 lecture,"['MW 1-2:20p']"
SOIL 525 lecture,"['MW 10-11:20a']"
SOIL 555 lecture,"['TR 10-11:20a']"
SPAN 112 lecture,"['MW 10-11:50a']"
TWRF 11 lecture,"['TWRF 11-11:50a', 'TWRF 1-1:50p']"
SPAN 312 lecture,"['TR 10-11:20a', 'TR 2-3:20p', 'MWF 9-9:50a']"
SPAN 315 lecture,"['MWF 2-2:50p']"
SPAN 332 lecture,"['TR 10-11:20a']"
SPAN 337 lecture,"['TR 2-3:20p']"
SPAN 339 lecture,"['TR 12-1:20p']"
ST 201 lecture,"['TR 12-1:20p; T 7-8:20p', 'TR 2-3:20p; T 7-8:20p']"
ST 314 lecture,"['TR 8:30-9:50a']"
ST 352 lecture,"['MWF 8-8:50a', 'MWF 1-1:50p']"
ST 422 lecture,"['MWF 9-9:50a']"
ST 522 lecture,"['MWF 9-9:50a', 'MWF 9-9:50a']"
ST 552 lecture,"['MWF 3-3:50p']"
ST 567 lecture,"['TR 10-11:20a']"
ST 625 lecture,"['TR 4-5:20p']"
ST 651 lecture,"['TR 2-3:20p']"
SUS 299 lecture,"['M 4-5:50p']"
SUS 325 lecture,"['TR 10-11:20a']"
TA 243 lecture,"['TR 4-5:20p']"
TA 346 lecture,"['TR 10-11:20a']"
TA 352 lecture,"['MW 4-5:20p']"
TA 360 lecture,"['TR 10-11:20a']"
TA 416 lecture,"['TR 12-1:20p']"
TA 457 lecture,"['M 5-6:50p']"
TOX 429 lecture,"['TR 10-11:20a']"
TOX 455 lecture,"['TR 12-1:20p']"
TOX 490 lecture,"['TR 2-3:20p']"
TOX 512 lecture,"['MF 2-3:20p']"
TOX 529 lecture,"['TR 10-11:20a']"
TOX 555 lecture,"['TR 12-1:20p']"
TOX 590 lecture,"['TR 2-3:20p', 'TR 12-1:20p', 'TR 4-5:20p', 'TR 8:30-9:50a']"
VMB 518 lecture,"['MW 1-2:50p']"
VMB 630 lecture,"['MWF 9-9:50a']"
VMB 712 lecture,"['TW 9-10:50a']"
VMB 716 lecture,"['T 1-1:50p; R 3-4:50p']"
VMB 718 lecture,"['MW 1-2:50p']"
VMB 761 lecture,"['WR 8-8:50a']"
VMC 720 lecture,"['R 1-2:50p']"
VMC 721 lecture,"['M 2-2:50p']"
VMC 724 lecture,"['MTWR 9-9:50a']"
VMC 726 lecture,"['F 11-11:50a']"
VMC 764 lecture,"['M 8-9:50a; T 10-10:50a']"
VMC 786 lecture,"['T 11-11:50a', 'TR 10-11:20a', 'TR 12-1:20p', 'MWF 2-2:50p']"
Z 350 lecture,"['TR 2-3:20p']"
Z 431 lecture,"['TR 10-11:20a']"
Z 477 lecture,"['TR 9-9:50a']"
ANS 431 recitation,"['W 10-11:50a']"
ANS 531 recitation,"['W 10-11:50a']"
ANTH 101 recitation,"['F 10-11:50a', 'F 2-3:50p']"
BA 161 recitation,"['F 9-9:50a', 'F 11-11:50a', 'F 1-1:50p', 'F 11-11:50a', 'F 1-1:50p', 'F 9-9:50a']"
BA 167 recitation,"['F 10-10:50a']"
BA 512 recitation,"['F 8-9:50a']"
BB 314 recitation,"['T 8-9:50a', 'T 4-5:50p', 'W 8-9:50a', 'W 12-1:50p', 'W 4-5:50p']"
BB 450 recitation,"['T 1-1:50p', 'W 2-2:50p', 'T 2-2:50p']"
BB 550 recitation,"['T 1-1:50p', 'W 2-2:50p', 'T 2-2:50p']"
BEE 312 recitation,"['T 4-5:20p']"
BI 242 recitation,"['M 3-3:50p', 'M 4-4:50p', 'T 8-8:50a', 'T 9-9:50a', 'W 3-3:50p', 'W 4-4:50p']"
BI 311 recitation,"['T 4-4:50p', 'W 12-12:50p', 'W 4-4:50p', 'R 9-9:50a', 'R 2-2:50p', 'R 4-4:50p']"
BIOE 420 recitation,"['TR 9-9:50a']"
BIOE 520 recitation,"['TR 9-9:50a']"
BOT 331 recitation,"['R 10-10:50a', 'R 11-11:50a', 'R 2-2:50p']"
CBEE 212 recitation,"['W 2-2:50p', 'W 9-9:50a', 'W 2-2:50p']"
CE 311 recitation,"['F 2-3:50p']"
CE 313 recitation,"['R 10-11:50a', 'R 12-1:50p']"
CE 381 recitation,"['R 4-5:50p']"
CE 382 recitation,"['T 2-3:50p', 'W 4-5:50p']"
CE 392 recitation,"['T 12-1:50p']"
CE 418 recitation,"['M 2-3:50p', 'W 2-3:50p']"
CH 121 recitation,"['MW 2-2:50p', 'MW 3-3:50p', 'TR 10-10:50a', 'TR 11-11:50a', 'TR 12-12:50p', 'TR 1-1:50p', 'TR 2-2:50p']"
CH 232 recitation,"['T 2-2:50p', 'R 11-11:50a']"
CH 331 recitation,"['T 10-10:50a', 'T 9-9:50a', 'T 11-11:50a', 'R 9-9:50a', 'R 10-10:50a']"
CH 332 recitation,"['M 3-3:50p', 'M 4-4:50p', 'W 3-3:50p', 'W 3-3:50p', 'W 4-4:50p', 'R 11-11:50a', 'R 12-12:50p', 'R 1-1:50p', 'R 4-4:50p', 'T 2-2:50p', 'T 3-3:50p', 'R 12-12:50p', 'R 3-3:50p', 'R 4-4:50p']"
CHE 361 recitation,"['R 11-11:50a']"
CHE 415 recitation,"['M 5-5:50p', 'W 3-3:50p']"
CHE 514 recitation,"['F 8-9:50a']"
CHE 540 recitation,"['F 10-11:50a']"
COMM 111 recitation,"['TR 9-9:50a', 'TR 10-10:50a', 'TR 11-11:50a', 'TR 11-11:50a', 'TR 12-12:50p', 'TR 1-1:50p', 'TR 2-2:50p', 'TR 3-3:50p', 'TR 4-4:50p', 'TR 10-10:50a', 'TR 1-1:50p', 'TR 3-3:50p', 'WF 9-9:50a', 'WF 10-10:50a', 'WF 11-11:50a', 'WF 1-1:50p', 'WF 3-3:50p', 'WF 4-4:50p', 'WF 9-9:50a', 'WF 11-11:50a', 'WF 2-2:50p', 'WF 10-10:50a', 'WF 8-8:50a', 'WF 2-2:50p']"
COMM 114 recitation,"['WF 10-10:50a', 'TR 9-9:50a', 'TR 2-2:50p', 'TR 11-11:50a', 'WF 2-2:50p', 'WF 1-1:50p', 'WF 9-9:50a']"
CS 261 recitation,"['W 10-11:50a', 'W 8-9:50a', 'W 12-1:50p', 'T 4-5:50p', 'R 10-11:50a', 'F 8-9:50a', 'F 10-11:50a', 'W 4-5:50p', 'W 12-1:50p', 'F 12-1:50p']"
ECE 341 recitation,"['R 10-11:50a', 'R 12-1:50p', 'R 2-3:50p']"
ECE 342 recitation,"['F 8-9:50a', 'F 10-11:50a', 'F 2-3:50p']"
ECE 442 recitation,"['R 11-11:50a', 'R 1-1:50p', 'R 2-2:50p', 'R 9-9:50a', 'R 10-10:50a']"
ENGR 211 recitation,"['R 8-9:50a', 'R 12-1:50p', 'R 2-3:50p', 'R 2-3:50p', 'R 4-5:50p', 'F 8-9:50a', 'F 10-11:50a', 'F 12-1:50p', 'F 2-3:50p']"
ENVE 322 recitation,"['R 1-2:50p']"
ENVE 422 recitation,"['T 8-9:50a']"
ENVE 522 recitation,"['T 8-9:50a']"
FST 599 recitation,"['R 12-1:50p']"
FW 473 recitation,"['F 10-11:50a']"
GEOG 105 recitation,"['T 8-9:50a', 'T 10-11:50a', 'W 10-11:50a', 'W 12-1:50p']"
HORT 316 recitation,"['R 1-1:50p', 'R 2-2:50p', 'R 3-3:50p']"
IB 531 recitation,"['R 4-4:50p']"
JPN 112 recitation,"['TR 9-9:50a', 'TR 11-11:50a', 'TR 12-12:50p']"
JPN 212 recitation,"['TR 3-3:50p', 'TR 2-2:50p']"
MTH 105 recitation,"['R 4-4:50p', 'R 1-1:50p', 'R 2-2:50p', 'R 3-3:50p']"
MTH 111 recitation,"['WF 10-10:50a', 'WF 4-4:50p', 'WF 8-8:50a', 'TR 1-1:50p']"
MTH 112 recitation,"['T 12-1:20p', 'T 4-5:20p', 'T 2-3:20p', 'T 8:30-9:50a', 'T 10-11:20a', 'T 12-1:20p', 'T 12-1:20p', 'T 2-3:20p', 'T 4-5:20p', 'T 12-1:20p', 'T 2-3:20p', 'T 4-5:20p', 'TR 1-1:50p']"
MTH 227 recitation,"['R 8:30-9:50a', 'R 2-3:20p', 'R 4-5:20p', 'R 10-11:20a']"
MTH 231 recitation,"['T 12-1:20p', 'T 2-3:20p', 'T 4-5:20p', 'T 8:30-9:50a', 'T 10-11:20a', 'T 12-1:20p']"
MTH 241 recitation,"['T 8:30-9:50a', 'T 10-11:20a', 'T 12-1:20p', 'T 12-1:20p', 'T 2-3:20p', 'T 4-5:20p']"
MTH 251 recitation,"['R 8:30-9:50a', 'R 10-11:20a', 'R 12-1:20p', 'R 12-1:20p', 'R 2-3:20p', 'R 4-5:20p', 'R 8:30-9:50a', 'R 10-11:20a', 'R 12-1:20p', 'R 12-1:20p', 'R 2-3:20p', 'R 4-5:20p', 'R 8:30-9:50a', 'R 10-11:20a', 'R 12-1:20p', 'TR 12-12:50p']"
MTH 252 recitation,"['R 8:30-9:50a', 'R 10-11:20a', 'R 12-1:20p', 'R 12-1:20p', 'R 2-3:20p', 'R 4-5:20p', 'R 8:30-9:50a', 'R 10-11:20a', 'R 12-1:20p', 'R 2-3:20p', 'R 12-1:20p', 'R 2-3:20p', 'R 4-5:20p', 'R 4-5:20p', 'R 10-11:20a', 'R 12-1:20p', 'R 2-3:20p', 'R 8:30-9:50a', 'R 10-11:20a', 'R 12-1:20p', 'TR 12-12:50p']"
MTH 253 recitation,"['T 2-3:20p', 'T 4-5:20p']"
MTH 254 recitation,"['R 8:30-9:50a', 'R 10-11:20a', 'R 12-1:20p', 'R 12-1:20p', 'R 2-3:20p', 'R 4-5:20p', 'R 12-1:20p', 'R 2-3:20p', 'R 4-5:20p']"
MTH 255 recitation,"['T 8:30-9:50a', 'T 10-11:20a', 'T 12-1:20p']"
MTH 256 recitation,"['T 12-1:20p', 'T 8:30-9:50a', 'T 10-11:20a', 'T 12-1:20p', 'T 2-3:20p', 'T 4-5:20p', 'T 8:30-9:50a', 'T 10-11:20a', 'T 12-1:20p']"
MTH 264 recitation,"['T 8:30-9:50a', 'T 10-11:20a', 'T 4-5:20p', 'T 2-3:20p']"
MTH 265 recitation,"['T 8:30-9:50a', 'T 10-11:20a', 'T 4-5:20p', 'T 2-3:20p']"
MTH 306 recitation,"['T 8:30-9:50a']"
MTH 311 recitation,"['R 11-11:50a', 'R 10-10:50a']"
MTH 312 recitation,"['R 3-3:50p', 'R 4-4:50p']"
MTH 342 recitation,"['R 9-9:50a', 'R 10-10:50a']"
MTH 343 recitation,"['R 10-10:50a']"
MUS 122 recitation,"['T 10-10:50a', 'T 9-9:50a']"
MUS 160 recitation,"['U 7-8:50p']"
MUS 360 recitation,"['U 7-8:50p']"
MUS 560 recitation,"['U 7-8:50p']"
NUTR 241 recitation,"['M 12-1:50p']"
PBG 431 recitation,"['R 1-1:50p']"
PH 202 recitation,"['T 9-9:50a', 'T 10-10:50a', 'T 11-11:50a', 'T 3-3:50p', 'R 4-4:50p', 'R 9-9:50a', 'R 10-10:50a', 'R 11-11:50a', 'T 1-1:50p', 'R 12-12:50p', 'R 1-1:50p', 'T 2-2:50p', 'R 2-2:50p', 'T 12-12:50p', 'R 3-3:50p', 'T 4-4:50p']"
SICS 212 recitation,"['R 9-9:50a', 'R 10-10:50a', 'R 2-2:50p']"
SICS 213 recitation,"['R 11-11:50a']"
SOIL 455 recitation,"['R 3-4:50p']"
SOIL 555 recitation,"['R 3-4:50p']"
ST 201 recitation,"['F 8-8:50a', 'F 9-9:50a', 'R 5-5:50p', 'R 6-6:50p', 'F 11-11:50a', 'F 12-12:50p', 'F 1-1:50p', 'F 2-2:50p']"
ST 422 recitation,"['R 1-1:50p', 'R 4-4:50p']"
ST 522 recitation,"['R 1-1:50p', 'R 4-4:50p', 'R 1-1:50p', 'R 4-4:50p']"
ST 562 recitation,"['R 4-4:50p']"
Z 431 recitation,"['R 4-4:50p']"
AEC 546 lab,"['F 10-10:50a']"
ANS 251 lab,"['T 10-11:50a', 'T 1-2:50p', 'T 3-4:50p', 'R 10-11:50a', 'R 1-2:50p', 'R 3-4:50p']"
ANS 313 lab,"['R 8-9:50a', 'R 10-11:50a', 'R 1-2:50p', 'R 3-4:50p']"
ANS 460 lab,"['W 8-9:50a']"
AS 120 lab,"['TW 6:30-7:50a; R 7-8:50a']"
AS 220 lab,"['TW 6:30-7:50a; R 7-8:50a']"
AS 320 lab,"['TW 6:30-7:50a; R 7-8:50a']"
AS 420 lab,"['TW 6:30-7:50a; R 7-8:50a']"
ATS 201 lab,"['W 12-1:50p', 'W 2-3:50p', 'R 10-11:50a', 'F 12-1:50p']"
ATS 420 lab,"['R 2-3:50p']"
ATS 520 lab,"['R 2-3:50p']"
BB 494 lab,"['MW 2-4:50p', 'TR 9-11:50a', 'TR 1-3:50p', 'MW 8:30-11:20a']"
BDS 475 lab,"['TR 2-3:50p']"
BDS 575 lab,"['TR 2-3:50p']"
BI 102 lab,"['T 12-1:50p; R 12-12:50p', 'T 2-3:50p; R 2-2:50p', 'T 4-5:50p; R 4-4:50p', 'W 8-9:50a; F 8-8:50a', 'W 10-11:50a; F 10-10:50a', 'W 12-1:50p; F 12-12:50p', 'W 2-3:50p; F 2-2:50p', 'T 12-12:50p; R 12-1:50p', 'T 2-2:50p; R 2-3:50p', 'T 4-4:50p; R 4-5:50p']"
BI 222 lab,"['T 8-10:50a', 'T 2-4:50p', 'T 5-7:50p', 'W 2-4:50p', 'W 5-7:50p', 'R 8-10:50a', 'R 2-4:50p', 'F 2-4:50p', 'T 8-10:50a', 'T 2-4:50p', 'T 5-7:50p', 'W 5-7:50p', 'R 2-4:50p', 'T 2-4:50p', 'T 5-7:50p', 'R 8-10:50a', 'R 2-4:50p', 'W 2-4:50p', 'R 8-10:50a', 'F 2-4:50p']"
BI 242 lab,"['T 8-9:50a', 'T 10-11:50a', 'T 12:30-2:20p', 'T 2:30-4:20p', 'T 5-6:50p', 'T 7-8:50p', 'W 10-11:50a', 'W 12-1:50p', 'W 2:30-4:20p', 'W 4:30-6:20p', 'R 8-9:50a', 'R 10-11:50a', 'R 12:30-2:20p', 'R 2:30-4:20p']"
BOT 313 lab,"['TR 1-2:50p']"
BOT 570 lab,"['F 2-4:50p']"
CE 365 lab,"['M 2-4:50p', 'W 2-4:50p']"
CE 372 lab,"['T 10-11:50a', 'R 8-9:50a', 'W 4-5:50p', 'R 2-3:50p', 'T 4-5:50p']"
CE 383 lab,"['T 2-3:50p']"
CE 484 lab,"['W 6-7:50p']"
CE 561 lab,"['F 2-4:50p']"
CE 562 lab,"['MW 2-3:50p']"
CE 584 lab,"['W 6-7:50p']"
CH 122 lab,"['T 8-8:50a; T 9-10:50a', 'T 8-8:50a; T 9-10:50a', 'T 10-10:50a; T 11a-12:50p', 'T 10-10:50a; T 11a-12:50p', 'T 12-12:50p; T 1-2:50p', 'T 12-12:50p; T 1-2:50p', 'T 2-2:50p; T 3-4:50p', 'T 2-2:50p; T 3-4:50p', 'W 12-12:50p; W 1-2:50p', 'W 2-2:50p; W 3-4:50p', 'R 10-10:50a; R 11a-12:50p', 'R 10-10:50a; R 11a-12:50p', 'R 12-12:50p; R 1-2:50p', 'R 2-2:50p; R 3-4:50p', 'R 2-2:50p; R 3-4:50p']"
STRY 232 lab,"['M 12-2:50p', 'M 12-2:50p', 'M 12-2:50p', 'M 3-5:50p', 'M 3-5:50p', 'M 3-5:50p', 'T 9-11:50a', 'T 9-11:50a', 'T 9-11:50a', 'T 12-2:50p', 'T 12-2:50p', 'T 3-5:50p', 'T 3-5:50p', 'W 9-11:50a', 'W 9-11:50a', 'W 9-11:50a', 'W 12-2:50p', 'W 12-2:50p', 'W 12-2:50p', 'W 3-5:50p', 'W 3-5:50p', 'W 3-5:50p', 'R 9-11:50a', 'R 9-11:50a', 'R 9-11:50a', 'R 12-2:50p', 'R 12-2:50p', 'R 3-5:50p', 'R 3-5:50p', 'F 9-11:50a', 'F 9-11:50a', 'F 12-2:50p', 'F 12-2:50p', 'F 12-2:50p', 'F 3-5:50p', 'F 3-5:50p', 'F 3-5:50p', 'F 9-11:50a']"
CH 362 lab,"['TR 8-11:20a', 'TR 1-4:20p', 'WF 12-3:20p', 'TR 8-11:20a', 'TR 1-4:20p', 'WF 12-3:20p']"
CH 462 lab,"['W 2-4:50p; F 1-4:50p', 'W 2-4:50p; F 1-4:50p']"
CHE 415 lab,"['T 3-5:50p', 'T 12-2:50p', 'W 2-4:50p', 'T 9-11:50a', 'R 12-2:50p', 'R 3-5:50p', 'F 2-4:50p', 'R 9-11:50a']"
CROP 440 lab,"['M 1-3:50p', 'T 9-11:50a']"
CROP 540 lab,"['M 1-3:50p', 'T 9-11:50a']"
CS 162 lab,"['T 10-11:50a', 'T 12-1:50p', 'W 2-3:50p', 'R 2-3:50p', 'T 2-3:50p', 'F 2-3:50p']"
CS 499 lab,"['W 2-3:50p']"
CS 559 lab,"['W 2-3:50p']"
ECE 375 lab,"['R 12-1:50p', 'R 8-9:50a', 'R 10-11:50a', 'F 4-5:50p', 'F 12-1:50p']"
ECE 471 lab,"['F 10-11:50a']"
ECE 571 lab,"['F 10-11:50a']"
ENGR 201 lab,"['W 8-9:50a', 'W 2-3:50p', 'T 2-3:50p', 'T 12-1:50p', 'W 10-11:50a', 'T 4-5:50p', 'R 8-9:50a', 'M 10-11:50a', 'M 12-1:50p', 'M 2-3:50p', 'M 4-5:50p', 'T 8-9:50a', 'W 12-1:50p']"
ENGR 202 lab,"['R 10-11:50a', 'R 2-3:50p', 'R 4-5:50p', 'F 8-9:50a', 'F 12-1:50p', 'T 10-11:50a', 'F 10-11:50a', 'R 12-1:50p']"
ENGR 248 lab,"['R 10-11:50a', 'R 4-5:50p', 'T 10-11:50a', 'T 4-5:50p', 'T 2-3:50p']"
ENVE 415 lab,"['R 12-1:50p', 'F 2-3:50p']"
ENVE 431 lab,"['R 8-9:50a']"
ENVE 531 lab,"['R 8-9:50a']"
FE 102 lab,"['W 12-1:50p']"
FE 257 lab,"['T 12-1:50p', 'T 2-3:50p', 'W 3-4:50p', 'R 12-1:50p', 'R 5-6:50p']"
FE 315 lab,"['T 10-11:50a', 'T 3-4:50p', 'R 10-11:50a', 'R 3-4:50p']"
FE 415 lab,"['T 1-3:50p']"
FE 440 lab,"['R 8-11:50a']"
FE 459 lab,"['W 8-11:50a', 'W 1-4:50p', 'F 8-11:50a', 'F 1-4:50p']"
FE 470 lab,"['R 12-1:50p']"
FE 515 lab,"['T 1-3:50p']"
FE 540 lab,"['R 8-11:50a']"
FE 570 lab,"['R 12-1:50p']"
FES 422 lab,"['F 9-11:50a']"
FES 522 lab,"['F 1-3:50p']"
FES 524 lab,"['R 2-3:50p']"
FOR 322 lab,"['M 3-6:50p', 'W 3-6:50p']"
FOR 329 lab,"['F 12-1:50p', 'F 2-3:50p']"
FOR 459 lab,"['W 8-11:50a', 'W 1-4:50p', 'F 8-11:50a', 'F 1-4:50p']"
FOR 460 lab,"['T 2-4:50p', 'W 2-4:50p', 'R 2-4:50p']"
FST 315 lab,"['T 8-9:50a']"
FST 423 lab,"['T 9-11:50a', 'T 2-4:50p']"
FST 428 lab,"['R 2-4:50p']"
FST 461 lab,"['WF 10-11:50a']"
FST 473 lab,"['R 9-11:50a', 'R 9-11:50a']"
FST 523 lab,"['T 9-11:50a', 'T 2-4:50p']"
FST 528 lab,"['R 2-4:50p']"
FST 561 lab,"['WF 10-11:50a']"
FST 573 lab,"['R 9-11:50a']"
FW 318 lab,"['TR 2-3:50p', 'TR 4-5:50p']"
FW 320 lab,"['T 2-3:50p', 'W 2-3:50p', 'W 10-11:50a']"
GEO 100 lab,"['R 4-5:50p']"
GEO 202 lab,"['T 4-5:50p', 'W 12-1:50p', 'W 2-3:50p', 'R 12-1:50p', 'F 2-3:50p']"
GEO 315 lab,"['TR 1-2:50p', 'TR 3-4:50p']"
GEO 370 lab,"['T 10-11:50a', 'R 10-11:50a']"
GEO 430 lab,"['M 4-6:30p']"
GEO 530 lab,"['M 4-6:30p']"
GEOG 102 lab,"['T 12-1:50p', 'T 2-3:50p', 'R 2-3:50p', 'F 10-11:50a']"
GEOG 201 lab,"['W 10-11:50a', 'R 12-1:50p', 'F 1-2:50p']"
GEOG 360 lab,"['T 2-3:50p', 'W 8-9:50a', 'R 8-9:50a']"
GEOG 361 lab,"['T 10-11:50a']"
GEOG 481 lab,"['W 2-3:50p', 'R 2-3:50p']"
GEOG 561 lab,"['W 4-5:50p']"
GEOG 581 lab,"['W 2-3:50p', 'R 2-3:50p']"
H 524 lab,"['M 8-9:50a', 'W 10-11:50a']"
H 547 lab,"['F 10-11:50a']"
HORT 311 lab,"['T 10-11:50a', 'T 1-2:50p']"
HORT 315 lab,"['W 1-2:50p', 'W 3-4:50p']"
IB 577 lab,"['TR 10-11:50a']"
IE 366 lab,"['T 2-3:50p', 'W 8-9:50a', 'W 2-3:50p']"
IE 368 lab,"['F 8-9:50a', 'F 10-11:50a', 'F 12-1:50p', 'F 2-3:50p']"
IE 415 lab,"['W 2-3:50p', 'F 8-9:50a', 'F 10-11:50a', 'F 12-1:50p', 'F 2-3:50p']"
IE 515 lab,"['W 2-3:50p', 'F 8-9:50a', 'F 10-11:50a', 'F 12-1:50p', 'F 2-3:50p', 'F 8-9:50a']"
KIN 325 lab,"['M 10-11:50a', 'M 12-1:50p', 'T 2-3:50p', 'R 12-1:50p']"
KIN 380 lab,"['M 2-3:50p', 'T 10-11:50a', 'W 2-3:50p', 'F 2-3:50p']"
KIN 395 lab,"['F 2-3:50p']"
KIN 425 lab,"['R 2-3:50p', 'R 4-5:50p', 'R 6-7:50p', 'M 4-5:50p']"
KIN 474 lab,"['W 12-1:50p']"
KIN 566 lab,"['R 9:30-11:20a']"
KIN 585 lab,"['F 9-10:50a']"
MATS 322 lab,"['R 10-11:50a', 'R 12-1:50p', 'R 2-3:50p', 'R 4-5:50p']"
MATS 555 lab,"['RF 2-3:50p']"
MB 230 lab,"['W 10-11:50a', 'F 9-10:50a']"
MB 311 lab,"['TR 2-4:50p']"
ME 203 lab,"['R 8-9:50a', 'R 2-3:50p']"
ME 351 lab,"['MW 10-11:50a', 'MW 12-1:50p', 'MW 2-3:50p', 'TR 8-9:50a', 'TR 10-11:50a', 'TR 12-1:50p', 'TR 2-3:50p', 'TR 4-5:50p']"
ME 382 lab,"['R 8-9:50a', 'R 10-11:50a', 'R 12-1:50p', 'R 2-3:50p']"
ME 383 lab,"['T 10-11:50a', 'T 12-1:50p', 'T 2-3:50p', 'W 12-1:50p', 'F 10-11:50a']"
ME 424 lab,"['M 2-3:50p']"
ME 452 lab,"['F 12-2:50p']"
ME 552 lab,"['F 8-9:50a', 'F 10-11:50a', 'F 12-1:50p', 'F 2-3:50p']"
MFGE 336 lab,"['R 8-9:50a', 'R 10-11:50a', 'R 2-3:50p', 'R 4-5:50p', 'R 12-1:50p']"
MFGE 337 lab,"['W 2-3:50p', 'W 10-11:50a', 'W 12-1:50p', 'W 8-9:50a', 'W 4-5:50p']"
MFGE 436 lab,"['F 10-11:50a', 'F 12-1:50p', 'F 2-3:50p', 'F 4-5:50p']"
MFGE 437 lab,"['M 2-3:50p', 'M 4-5:50p', 'M 10-11:50a', 'M 12-1:50p', 'M 8-9:50a']"
MFGE 438 lab,"['MW 10-11:50a', 'MW 12-1:50p', 'MW 2-3:50p']"
MFGE 536 lab,"['F 10-11:50a', 'F 12-1:50p', 'F 2-3:50p', 'F 4-5:50p']"
MFGE 538 lab,"['MW 10-11:50a', 'MW 12-1:50p', 'MW 2-3:50p']"
MS 112 lab,"['R 3-4:50p']"
MS 212 lab,"['R 3-4:50p']"
MS 312 lab,"['R 2-4:50p']"
MS 412 lab,"['R 2-4:50p']"
NS 002 lab,"['T 7-7:50a']"
NSE 536 lab,"['F 2-4:50p']"
NUTR 431 lab,"['T 2-3:50p', 'W 2-3:50p']"
NUTR 531 lab,"['T 2-3:50p', 'W 2-3:50p']"
OC 201 lab,"['R 8-9:50a', 'R 12-1:50p', 'R 2-3:50p', 'R 10-11:50a', 'F 8-9:50a']"
OC 202 lab,"['R 8-9:50a', 'R 12-1:50p', 'R 2-3:50p']"
OC 350 lab,"['W 2-3:50p', 'R 2-3:50p']"
OC 360 lab,"['T 2-3:50p']"
OEAS 520 lab,"['T 2-3:50p']"
PBG 441 lab,"['T 3:30-5:20p', 'T 8-9:50a', 'R 8-9:50a', 'R 3:30-5:20p']"
PBG 541 lab,"['T 3:30-5:20p', 'T 8-9:50a', 'R 8-9:50a', 'R 3:30-5:20p']"
PH 104 lab,"['T 8-9:50a', 'T 10-11:50a', 'T 4-5:50p', 'R 8-9:50a', 'R 10-11:50a', 'R 4-5:50p', 'R 6-7:50p', 'T 6-7:50p']"
PH 202 lab,"['R 6-7:50p', 'T 8-9:50a', 'T 10-11:50a', 'T 12-1:50p', 'T 2-3:50p', 'T 4-5:50p', 'W 2-3:50p', 'R 10-11:50a', 'R 8-9:50a', 'R 12-1:50p', 'T 6-7:50p', 'R 2-3:50p', 'R 4-5:50p', 'F 4-5:50p', 'W 4-5:50p', 'F 12-1:50p', 'F 2-3:50p', 'F 6-7:50p', 'W 10-11:50a', 'W 12-1:50p']"
PH 211 lab,"['M 12-2:50p', 'M 3-5:50p', 'M 6-8:50p', 'T 9-11:50a', 'T 12-2:50p', 'T 3-5:50p', 'T 6-8:50p']"
PH 212 lab,"['T 9-11:50a', 'T 12-2:50p', 'T 3-5:50p', 'F 12-2:50p', 'T 6-8:50p', 'R 9-11:50a', 'R 12-2:50p', 'R 3-5:50p', 'R 6-8:50p', 'W 3-5:50p', 'W 12-2:50p', 'F 3-5:50p', 'F 9-11:50a', 'M 6-8:50p', 'W 9-11:50a', 'M 3-5:50p']"
PH 213 lab,"['R 12-1:50p', 'R 2-3:50p', 'R 4-5:50p', 'R 6-7:50p', 'F 8-9:50a', 'F 10-11:50a', 'R 10-11:50a', 'F 2-3:50p', 'F 4-5:50p', 'F 6-7:50p', 'M 12-1:50p', 'M 8-9:50a', 'M 10-11:50a', 'F 12-1:50p', 'M 2-3:50p', 'M 4-5:50p', 'M 6-7:50p', 'T 10-11:50a', 'T 12-1:50p', 'T 2-3:50p', 'T 8-9:50a', 'T 4-5:50p']"
PH 317 lab,"['MWF 2-3:50p']"
PH 366 lab,"['MW 2-3:20p']"
PH 415 lab,"['TR 10-11:50a', 'TR 10-11:50a']"
PH 481 lab,"['R 9-11:50a', 'T 1-3:50p', 'R 2-4:50p']"
PH 515 lab,"['TR 10-11:50a']"
PH 581 lab,"['R 9-11:50a', 'T 1-3:50p', 'R 2-4:50p']"
PHAR 721 lab,"['M 12-2:50p', 'T 12-2:50p', 'W 12-2:50p', 'R 12-2:50p']"
PHAR 741 lab,"['M 9-11:50a', 'T 9-11:50a', 'W 9-11:50a', 'R 9-11:50a']"
PSY 298 lab,"['M 10-11:50a', 'M 12-1:50p', 'M 2-3:50p', 'W 10-11:50a']"
ST 351 lab,"['M 12-1:20p', 'M 6:30-7:50p', 'T 8-9:20a', 'T 2-3:20p', 'T 3:30-4:50p', 'M 2-3:20p', 'M 3:30-4:50p', 'M 5-6:20p', 'T 9:30-10:50a', 'T 12:30-1:50p', 'T 5-6:20p']"
ST 352 lab,"['R 8-9:20a', 'R 9:30-10:50a', 'R 12:30-1:50p', 'R 2-3:20p', 'R 3:30-4:50p', 'R 5-6:20p']"
ST 411 lab,"['F 8-8:50a', 'F 11-11:50a', 'F 12-12:50p', 'F 2-2:50p', 'F 3-3:50p']"
ST 412 lab,"['W 1-1:50p', 'W 2-2:50p', 'W 5-5:50p', 'W 6-6:50p']"
ST 511 lab,"['F 2-2:50p', 'F 8-8:50a', 'F 11-11:50a', 'F 12-12:50p', 'F 3-3:50p', 'F 8-8:50a', 'F 12-12:50p', 'F 2-2:50p']"
ST 512 lab,"['W 1-1:50p', 'W 2-2:50p', 'W 5-5:50p', 'W 6-6:50p']"
ST 552 lab,"['W 4-4:50p']"
SUS 102 lab,"['T 1-3:50p', 'T 1-3:50p', 'T 4-6:50p; S 10a-1p', 'W 1-3:50p', 'W 1-3:50p', 'W 4-6:50p; S 10a-1p', 'R 1-3:50p', 'F 1-3:50p', 'R 1-3:50p', 'F 1-3:50p']"
SUS 103 lab,"['T 2-4:50p', 'R 2-4:50p']"
VMB 518 lab,"['R 8-10:50a']"
VMB 712 lab,"['F 8-9:50a']"
VMB 716 lab,"['T 2-4:50p']"
VMB 718 lab,"['R 8-10:50a']"
VMB 751 lab,"['R 9-11:50a']"
VMB 763 lab,"['TW 1-1:50p']"
VMC 730 lab,"['W 12-1:50p']"
VMC 733 lab,"['T 1-4:50p']"
VMC 756 lab,"['M 12-1:50p']"
VMC 764 lab,"['TR 3-4:50p']"
VMC 774 lab,"['R 1-2:50p', 'T 8-10:50a', 'W 6-7:50p']"
Z 477 lab,"['TR 10-11:50a']"